"Category","Tag","Definition","Concept Cluster","Connections from Archive","Occurrences","Custom"
"Type","Type: Academic","","","Sources: https://www.fioriti.it/riviste/pdf/2/CC_Recensioni.pdf","1","No"
"Type","Type: Analysis / Commentary","","","The article is published in Subjekt, a Norwegian cultural and political commentary outlet that has provided platform space for conservative Christian and gender-critical perspectives. The piece refere — Sources: https://sex-matters.org/posts/updates/exercising-caution-over-stonewalls-exorcism-claims/ | https://politicalresearch.org/2020/03/26/gender-ideology-yesterday-today-and-tomorrow | https://subjekt.no/2022/11/16/konverteringsterapi-bor-fordommes-det-samme-bor-forslaget-om-a-forby-det/","7","No"
"Type","Type: Archive Item","","","Sources: https://archive.iftcc.org/professional-organisations-against-the-banning-of-therapeutic-choice/","1","No"
"Type","Type: Court Case","","","","0","No"
"Type","Type: Documentary","","","No named contemporary organizations. UK psychiatric hospital and prescribing doctor are institutional actors. Possibly linked to UK survivor advocacy networks documenting NHS aversion therapy history. — Sources: https://www.youtube.com/watch?v=Y6hgVt5le9k","1","No"
"Type","Type: Government Report","","","Sources: https://www.ohchr.org/en/press-releases/2020/07/un-expert-calls-global-ban-practices-so-called-conversion-therapy | https://www.ohchr.org/sites/default/files/Documents/Issues/SexualOrientation/ConversionTherapyReport.pdf | https://www.apa.org/news/press/releases/2021/03/change-gender-identity","3","No"
"Type","Type: NGO Report","","","Sources: https://www.galop.org.uk/resources/there-was-nothing-to-fix-lgbt-survivors-experiences-of-conversion-practices","1","No"
"Type","Type: News","","","The review centres on a book edited by Paolo Rigliano, Jimmy Ciliberto, and Federico Ferrari, published by Cortina Raffaello (Raffaello Cortina Editore), a major Italian academic publisher. The text r — Sources: https://www.litteraturhuset.no/nb/arrangement/apen-horing-bufdirs-faglige-rad-om-moter-med-kjonnsmangfold | https://www.bbc.com/news/articles/c3w1gl530vvo | https://www.starobserver.com.au/news/council-of-europe-votes-to-support-a-trans-inclusive-ban-on-conversion-therapy/240699","5","No"
"Type","Type: Policy Document","","","Primary actor CMF (UK). Cites/contests GEO evidence assessment; critiques the UK therapy MoU (2015/2017) and NHS guidance as “affirmation-only.” Discursive alignment with broader European/US anti-gend — Sources: https://sex-matters.org/posts/campaigns/conversion-therapy-understanding-the-galop-survey-parliamentary-briefing/ | https://www.apa.org/topics/lgbtq/sexual-orientation-change | https://www.apa.org/about/policy/resolution-gender-identity-change-efforts.pdf","4","No"
"Type","Type: Propaganda","","","Courage International (primary). Likely IFTCC secondary distributor. Possible Focus on the Family / ADF funding. EWTN distribution. Side B theology post-2013 rebranding. — Sources: https://archive.iftcc.org/professional-organisations-against-the-banning-of-therapeutic-choice/ | https://www.youtube.com/watch?v=HMOEPis0HJo","2","No"
"Type","Type: Report","","","Sources: https://athena-forum.eu/publications/briefing-a-deceptive-label-on-conversion-therapy-bans/ | https://www.stonewall.org.uk/resources/2020-conversion-therapy-and-gender-identity-survey","2","No"
"Type","Type: Social Media Post","","","New organisation Athena Forum (EU) promoted; references to LGB Alliance and WDI; EU/CoE entities cited (FRA, SOJESK unit) as influence targets; strategic litigation and cross‑border advocacy described","0","No"
"Type","Type: Survivor Testimony","","","","0","No"
"Type","Type: Testimony","","","","0","No"
"Type","Type: Video","","","Ruth Institute founded by Dr. Jennifer Roback Morse in 2008, San Diego, California, now operating as pro-family policy organization opposing same-sex marriage and gender identity recognition. Morse fo — Sources: https://www.youtube.com/live/4YV3B6wLCcc?si=URXnhE4WN6K6WSKL | https://www.youtube.com/watch?v=zya-Qf_zKvk | https://www.youtube.com/watch?v=2J2zKReC6B4","7","No"
"Type","Type: Website","","","Sources: https://athena-forum.eu/media/subjekt-norwegian-gender-identity-is-granted-legal-protection-as-fact-it-should-instead-be-protected-under-freedom-of-religion-or-belief/ | https://irct.org/lgbti/ | https://sex-matters.org/posts/updates/five-tests-before-any-conversion-practices-ban/","4","No"
"Format","Format: PDF","","","Cross-references many actors and networks: APA, APA Task Force, International Federation for Therapeutic and Counselling Choice (IFTCC), ATCSI/NARTH, Alliance Defending Freedom, LGB Alliance, activist — Sources: https://sex-matters.org/posts/campaigns/conversion-therapy-understanding-the-galop-survey-parliamentary-briefing/ | https://www.galop.org.uk/resources/there-was-nothing-to-fix-lgbt-survivors-experiences-of-conversion-practices | https://www.ohchr.org/sites/default/files/Documents/Issues/SexualOrientation/ConversionTherapyReport.pdf","8","No"
"Format","Format: Website","","","The article is published in Subjekt, a Norwegian cultural and political commentary outlet that has provided platform space for conservative Christian and gender-critical perspectives. The piece refere — Sources: https://www.litteraturhuset.no/nb/arrangement/apen-horing-bufdirs-faglige-rad-om-moter-med-kjonnsmangfold | https://archive.iftcc.org/professional-organisations-against-the-banning-of-therapeutic-choice/ | https://athena-forum.eu/media/subjekt-norwegian-gender-identity-is-granted-legal-protection-as-fact-it-should-instead-be-protected-under-freedom-of-religion-or-belief/","19","No"
"Format","Format: HTML","","","","0","No"
"Format","Format: Blog","","","","0","No"
"Format","Format: Reddit","","","","0","No"
"Format","Format: YouTube","","","New organisation Athena Forum (EU) promoted; references to LGB Alliance and WDI; EU/CoE entities cited (FRA, SOJESK unit) as influence targets; strategic litigation and cross‑border advocacy described — Sources: https://www.youtube.com/live/4YV3B6wLCcc?si=URXnhE4WN6K6WSKL | https://www.youtube.com/watch?v=zya-Qf_zKvk | https://www.youtube.com/watch?v=2J2zKReC6B4","9","No"
"Format","Format: TikTok","","","","0","No"
"Format","Format: Instagram","","","","0","No"
"Format","Format: Rumble","","","","0","No"
"Format","Format: X / Twitter","","","","0","No"
"Format","Format: Facebook","","","","0","No"
"Format","Format: Video","","","Courage International (primary). Likely IFTCC secondary distributor. Possible Focus on the Family / ADF funding. EWTN distribution. Side B theology post-2013 rebranding.","0","No"
"Format","Format: Screenshot","","","","0","No"
"Format","Format: Press Release","","","Sources: https://www.apa.org/news/press/releases/2021/03/change-gender-identity","1","No"
"Format","Format: Docx","","","","0","No"
"Format","Format: Infographic","","","","0","No"
"Format","Format: TV Segment","","","","0","No"
"Format","Format: Podcast","","","","0","No"
"Format","Format: Archive","","","","0","No"
"Evidence","Evidence: Academic","","","Sources: https://www.fioriti.it/riviste/pdf/2/CC_Recensioni.pdf","1","No"
"Evidence","Evidence: Government","","","Sources: https://www.ohchr.org/en/press-releases/2020/07/un-expert-calls-global-ban-practices-so-called-conversion-therapy | https://www.ohchr.org/sites/default/files/Documents/Issues/SexualOrientation/ConversionTherapyReport.pdf | https://www.apa.org/news/press/releases/2021/03/change-gender-identity","3","No"
"Evidence","Evidence: NGO","","","Sources: https://www.galop.org.uk/resources/there-was-nothing-to-fix-lgbt-survivors-experiences-of-conversion-practices | https://irct.org/lgbti/ | https://politicalresearch.org/2020/03/26/gender-ideology-yesterday-today-and-tomorrow","4","No"
"Evidence","Evidence: Journalism","","","The review centres on a book edited by Paolo Rigliano, Jimmy Ciliberto, and Federico Ferrari, published by Cortina Raffaello (Raffaello Cortina Editore), a major Italian academic publisher. The text r — Sources: https://www.bbc.com/news/articles/c3w1gl530vvo | https://subjekt.no/2022/11/16/konverteringsterapi-bor-fordommes-det-samme-bor-forslaget-om-a-forby-det/ | https://www.starobserver.com.au/news/council-of-europe-votes-to-support-a-trans-inclusive-ban-on-conversion-therapy/240699","5","No"
"Evidence","Evidence: Organization-Claim","","","Cross-references many actors and networks: APA, APA Task Force, International Federation for Therapeutic and Counselling Choice (IFTCC), ATCSI/NARTH, Alliance Defending Freedom, LGB Alliance, activist — Sources: https://www.youtube.com/live/4YV3B6wLCcc?si=URXnhE4WN6K6WSKL | https://www.litteraturhuset.no/nb/arrangement/apen-horing-bufdirs-faglige-rad-om-moter-med-kjonnsmangfold | https://archive.iftcc.org/professional-organisations-against-the-banning-of-therapeutic-choice/","13","No"
"Evidence","Evidence: Propaganda","","","The article is published in Subjekt, a Norwegian cultural and political commentary outlet that has provided platform space for conservative Christian and gender-critical perspectives. The piece refere — Sources: https://www.youtube.com/watch?v=zya-Qf_zKvk | https://archive.iftcc.org/professional-organisations-against-the-banning-of-therapeutic-choice/ | https://www.youtube.com/watch?v=2J2zKReC6B4","9","No"
"Evidence","Evidence: Public Social Media","","","New organisation Athena Forum (EU) promoted; references to LGB Alliance and WDI; EU/CoE entities cited (FRA, SOJESK unit) as influence targets; strategic litigation and cross‑border advocacy described","0","No"
"Evidence","Evidence: Testimony","","","No named contemporary organizations. UK psychiatric hospital and prescribing doctor are institutional actors. Possibly linked to UK survivor advocacy networks documenting NHS aversion therapy history. — Sources: https://www.youtube.com/watch?v=Y6hgVt5le9k | https://youtu.be/a3nsE_JIiJA?si=Tw6S7w5fCQrzGsdj | https://www.youtube.com/watch?v=ZjpvRQqY7ig","4","No"
"Evidence","Evidence: Unverified","","","","0","No"
"Country","Country: Norway","","","The article is published in Subjekt, a Norwegian cultural and political commentary outlet that has provided platform space for conservative Christian and gender-critical perspectives. The piece refere — Sources: https://www.youtube.com/live/4YV3B6wLCcc?si=URXnhE4WN6K6WSKL | https://www.litteraturhuset.no/nb/arrangement/apen-horing-bufdirs-faglige-rad-om-moter-med-kjonnsmangfold | https://athena-forum.eu/media/subjekt-norwegian-gender-identity-is-granted-legal-protection-as-fact-it-should-instead-be-protected-under-freedom-of-religion-or-belief/","7","No"
"Country","Country: International","","","New organisation Athena Forum (EU) promoted; references to LGB Alliance and WDI; EU/CoE entities cited (FRA, SOJESK unit) as influence targets; strategic litigation and cross‑border advocacy described — Sources: https://archive.iftcc.org/professional-organisations-against-the-banning-of-therapeutic-choice/ | https://www.youtube.com/watch?v=2J2zKReC6B4 | https://www.ohchr.org/en/press-releases/2020/07/un-expert-calls-global-ban-practices-so-called-conversion-therapy","14","No"
"Country","Country: EU","","","Sources: https://athena-forum.eu/media/subjekt-norwegian-gender-identity-is-granted-legal-protection-as-fact-it-should-instead-be-protected-under-freedom-of-religion-or-belief/ | https://politicalresearch.org/2020/03/26/gender-ideology-yesterday-today-and-tomorrow | https://athena-forum.eu/publications/briefing-a-deceptive-label-on-conversion-therapy-bans/","7","No"
"Country","Country: UK","","","New organisation Athena Forum (EU) promoted; references to LGB Alliance and WDI; EU/CoE entities cited (FRA, SOJESK unit) as influence targets; strategic litigation and cross‑border advocacy described — Sources: https://archive.iftcc.org/professional-organisations-against-the-banning-of-therapeutic-choice/ | https://www.bbc.com/news/articles/c3w1gl530vvo | https://sex-matters.org/posts/updates/exercising-caution-over-stonewalls-exorcism-claims/","12","No"
"Country","Country: USA","","","Ruth Institute founded by Dr. Jennifer Roback Morse in 2008, San Diego, California, now operating as pro-family policy organization opposing same-sex marriage and gender identity recognition. Morse fo — Sources: https://www.youtube.com/watch?v=zya-Qf_zKvk | https://archive.iftcc.org/professional-organisations-against-the-banning-of-therapeutic-choice/ | https://www.apa.org/topics/lgbtq/sexual-orientation-change","7","No"
"Country","Country: Germany","","","","0","No"
"Country","Country: Portugal","","","","0","No"
"Country","Country: Italy","","","The review centres on a book edited by Paolo Rigliano, Jimmy Ciliberto, and Federico Ferrari, published by Cortina Raffaello (Raffaello Cortina Editore), a major Italian academic publisher. The text r — Sources: https://www.fioriti.it/riviste/pdf/2/CC_Recensioni.pdf | https://ilmiolibro.kataweb.it/recensione/catalogo/2941/quelli-folli-terapie-per-gli-amori-diversi/","2","No"
"Country","Country: France","","","The documentary ""Rien à guérir"" was produced by Citoyenneté et Participation asbl (Belgian NGO) and filmmaker Mathilde Mayen Wauters, broadcast on RTBF La Trois (Belgian public TV). Axel Winkel is quo — Sources: https://www.rtbf.be/article/rien-a-guerir-un-documentaire-qui-denonce-les-therapies-de-conversion-pour-les-personnes-lgbtqia-11289873","1","No"
"Country","Country: Poland","","","Sources: https://www.youtube.com/watch?v=_60QHbLC1dE","1","No"
"Country","Country: Spain","","","Sources: https://athena-forum.eu/publications/briefing-a-deceptive-label-on-conversion-therapy-bans/","1","No"
"Country","Country: Sweden","","","","0","No"
"Country","Country: Netherlands","","","","0","No"
"Country","Country: Brazil","","","","0","No"
"Country","Country: Malta","","","X-Out-Loud = Core Issues Trust project (explicit in video). Donation via Constant Contact (US processing). Likely IFTCC Network. Possible Bethel-style deliverance movement connections. — Sources: https://www.youtube.com/watch?v=zya-Qf_zKvk | https://www.youtube.com/watch?v=2J2zKReC6B4 | https://athena-forum.eu/publications/briefing-a-deceptive-label-on-conversion-therapy-bans/","5","No"
"Country","Country: Romania","","","X-Out-Loud (primary). Unnamed Bucharest Pentecostal church. Romanian charismatic speaking circuit. Moldova evangelical youth camp infrastructure. — Sources: https://www.youtube.com/watch?v=xh_2dxQtcXs","1","No"
"Country","Country: Russia","","","","0","No"
"Country","Country: Australia","","","Sources: https://www.starobserver.com.au/news/council-of-europe-votes-to-support-a-trans-inclusive-ban-on-conversion-therapy/240699 | https://www.youtube.com/watch?v=_60QHbLC1dE","2","No"
"Country","Country: Malaysia","","","","0","No"
"Country","Country: Belgium","","","The documentary ""Rien à guérir"" was produced by Citoyenneté et Participation asbl (Belgian NGO) and filmmaker Mathilde Mayen Wauters, broadcast on RTBF La Trois (Belgian public TV). Axel Winkel is quo — Sources: https://www.rtbf.be/article/rien-a-guerir-un-documentaire-qui-denonce-les-therapies-de-conversion-pour-les-personnes-lgbtqia-11289873","1","No"
"Country","Country: Denmark","","","","0","No"
"Country","Country: Finland","","","","0","No"
"Country","Country: Greece","","","","0","No"
"Country","Country: Hungary","","","","0","No"
"Country","Country: Ireland","","","","0","No"
"Country","Country: Switzerland","","","","0","No"
"Tactic","Tactic: Anti-Gender Narrative","Frames LGBTQ+ rights as ideological takeover of 'natural' gender","","Cross-references many actors and networks: APA, APA Task Force, International Federation for Therapeutic and Counselling Choice (IFTCC), ATCSI/NARTH, Alliance Defending Freedom, LGB Alliance, activist — Sources: https://www.youtube.com/live/4YV3B6wLCcc?si=URXnhE4WN6K6WSKL | https://www.litteraturhuset.no/nb/arrangement/apen-horing-bufdirs-faglige-rad-om-moter-med-kjonnsmangfold | https://athena-forum.eu/media/subjekt-norwegian-gender-identity-is-granted-legal-protection-as-fact-it-should-instead-be-protected-under-freedom-of-religion-or-belief/","12","No"
"Tactic","Tactic: Anti-LGBT Conspiracy","Global plots, indoctrination claims, 'they're coming for our children'","","Courage International (primary). Likely IFTCC secondary distributor. Possible Focus on the Family / ADF funding. EWTN distribution. Side B theology post-2013 rebranding. — Sources: https://www.youtube.com/watch?v=zya-Qf_zKvk | https://ilmiolibro.kataweb.it/recensione/catalogo/2941/quelli-folli-terapie-per-gli-amori-diversi/ | https://stoptheban.ca/watch-censored-documentary-on-conversion-therapy/","5","No"
"Tactic","Tactic: Anti-Trans Rhetoric","Delegitimizing trans identity, attacking gender-affirming care","","New organisation Athena Forum (EU) promoted; references to LGB Alliance and WDI; EU/CoE entities cited (FRA, SOJESK unit) as influence targets; strategic litigation and cross‑border advocacy described — Sources: https://www.litteraturhuset.no/nb/arrangement/apen-horing-bufdirs-faglige-rad-om-moter-med-kjonnsmangfold | https://athena-forum.eu/media/subjekt-norwegian-gender-identity-is-granted-legal-protection-as-fact-it-should-instead-be-protected-under-freedom-of-religion-or-belief/ | https://sex-matters.org/posts/updates/exercising-caution-over-stonewalls-exorcism-claims/","12","No"
"Tactic","Tactic: Dehumanizing-Language","Slurs, describing identities as unnatural, degenerate, evil","","No named contemporary organizations. UK psychiatric hospital and prescribing doctor are institutional actors. Possibly linked to UK survivor advocacy networks documenting NHS aversion therapy history. — Sources: https://www.youtube.com/watch?v=zya-Qf_zKvk | https://www.bbc.com/news/articles/c3w1gl530vvo | https://sex-matters.org/posts/campaigns/conversion-therapy-understanding-the-galop-survey-parliamentary-briefing/","9","No"
"Tactic","Tactic: Detrans-Propaganda","Weaponizing detransition stories to restrict care or delegitimize identity","","","0","No"
"Tactic","Tactic: False-Scientific-Authority","Misusing science or pseudo-diagnostics (ROGD, neuroplasticity myths)","","The review centres on a book edited by Paolo Rigliano, Jimmy Ciliberto, and Federico Ferrari, published by Cortina Raffaello (Raffaello Cortina Editore), a major Italian academic publisher. The text r — Sources: https://www.youtube.com/watch?v=zya-Qf_zKvk | https://archive.iftcc.org/professional-organisations-against-the-banning-of-therapeutic-choice/ | https://www.youtube.com/watch?v=2J2zKReC6B4","14","No"
"Tactic","Tactic: Gender-Essentialism","Rigid biological claims; true sex; restoring masculinity/femininity","","Ruth Institute founded by Dr. Jennifer Roback Morse in 2008, San Diego, California, now operating as pro-family policy organization opposing same-sex marriage and gender identity recognition. Morse fo — Sources: https://www.youtube.com/live/4YV3B6wLCcc?si=URXnhE4WN6K6WSKL | https://athena-forum.eu/publications/policy-brief-the-eu-lgbtiq-strategy/ | https://subjekt.no/2021/10/12/forbud-mot-konverteringsterapi-kan-sla-feil-ut/","6","No"
"Tactic","Tactic: Groomer-Panic","Claiming LGBTQ+ people/educators groom or harm children","","Dr. Mike Davidson is co-founder and appears to be primary representative of the International Federation for Therapeutic and Counseling Choice (IFTCC), registered in United Kingdom, which holds annual — Sources: https://www.youtube.com/watch?v=zya-Qf_zKvk | https://www.bbc.com/news/articles/c3w1gl530vvo | https://sex-matters.org/posts/updates/exercising-caution-over-stonewalls-exorcism-claims/","9","No"
"Tactic","Tactic: Identity-Erasure","Minimizing or denying identity (labels don't define you)","","The article is published in Subjekt, a Norwegian cultural and political commentary outlet that has provided platform space for conservative Christian and gender-critical perspectives. The piece refere — Sources: https://www.youtube.com/live/4YV3B6wLCcc?si=URXnhE4WN6K6WSKL | https://www.youtube.com/watch?v=zya-Qf_zKvk | https://www.bbc.com/news/articles/c3w1gl530vvo","12","No"
"Tactic","Tactic: Policy-Resistance-Frame","Opposing bans by framing SOGICE as freedom, choice, rights","","The article is published in Subjekt, a Norwegian cultural and political commentary outlet that has provided platform space for conservative Christian and gender-critical perspectives. The piece refere — Sources: https://www.youtube.com/live/4YV3B6wLCcc?si=URXnhE4WN6K6WSKL | https://www.litteraturhuset.no/nb/arrangement/apen-horing-bufdirs-faglige-rad-om-moter-med-kjonnsmangfold | https://www.youtube.com/watch?v=zya-Qf_zKvk","20","No"
"Tactic","Tactic: Rebranding-SOGICE","SSA/SGA; congruence therapy; identity exploration; softening SOGICE","","The article is published in Subjekt, a Norwegian cultural and political commentary outlet that has provided platform space for conservative Christian and gender-critical perspectives. The piece refere — Sources: https://www.youtube.com/live/4YV3B6wLCcc?si=URXnhE4WN6K6WSKL | https://www.youtube.com/watch?v=zya-Qf_zKvk | https://archive.iftcc.org/professional-organisations-against-the-banning-of-therapeutic-choice/","23","No"
"Tactic","Tactic: ROGD-Frame","Using ROGD or social contagion theory to deny trans legitimacy","","Sources: https://www.youtube.com/live/4YV3B6wLCcc?si=URXnhE4WN6K6WSKL | https://athena-forum.eu/publications/briefing-a-deceptive-label-on-conversion-therapy-bans/ | https://subjekt.no/2022/11/16/konverteringsterapi-bor-fordommes-det-samme-bor-forslaget-om-a-forby-det/","4","No"
"Tactic","Tactic: Sex-Rejection-Frame","Framing transition as rejection of one's true biological sex","","Sources: https://subjekt.no/2026/02/09/kjonnsidentitet-som-rettslig-begrep/","1","No"
"Tactic","Tactic: Social-Contagion-Myth","Claiming LGBTQ+ identities spread like trends or contagion","","New organisation Athena Forum (EU) promoted; references to LGB Alliance and WDI; EU/CoE entities cited (FRA, SOJESK unit) as influence targets; strategic litigation and cross‑border advocacy described — Sources: https://www.youtube.com/live/4YV3B6wLCcc?si=URXnhE4WN6K6WSKL | https://athena-forum.eu/publications/briefing-a-deceptive-label-on-conversion-therapy-bans/ | https://subjekt.no/2021/10/12/forbud-mot-konverteringsterapi-kan-sla-feil-ut/","4","No"
"Actor","Actor: IFTCC","","","Dr. Mike Davidson is co-founder and appears to be primary representative of the International Federation for Therapeutic and Counseling Choice (IFTCC), registered in United Kingdom, which holds annual — Sources: https://archive.iftcc.org/professional-organisations-against-the-banning-of-therapeutic-choice/ | https://www.youtube.com/watch?v=_60QHbLC1dE","2","No"
"Actor","Actor: Core Issues Trust","","","Dr. Mike Davidson is co-founder and appears to be primary representative of the International Federation for Therapeutic and Counseling Choice (IFTCC), registered in United Kingdom, which holds annual — Sources: https://www.youtube.com/watch?v=_60QHbLC1dE | https://www.youtube.com/watch?v=ZjpvRQqY7ig","2","No"
"Actor","Actor: X-Out-Loud","","","X-Out-Loud = Core Issues Trust project (explicit in video). Donation via Constant Contact (US processing). Likely IFTCC Network. Possible Bethel-style deliverance movement connections. — Sources: https://www.youtube.com/watch?v=2J2zKReC6B4 | https://www.youtube.com/watch?v=ZjpvRQqY7ig | https://www.youtube.com/watch?v=xh_2dxQtcXs","4","No"
"Actor","Actor: Restored Hope Network","","","","0","No"
"Actor","Actor: Courage International","","","Courage International (primary). Likely IFTCC secondary distributor. Possible Focus on the Family / ADF funding. EWTN distribution. Side B theology post-2013 rebranding.","0","No"
"Actor","Actor: Brothers Road","","","","0","No"
"Actor","Actor: Homosexuals Anonymous","","","","0","No"
"Actor","Actor: Joel 2:25 International","","","","0","No"
"Actor","Actor: Alliance for Therapeutic Choice","","","Sources: https://archive.iftcc.org/professional-organisations-against-the-banning-of-therapeutic-choice/","1","No"
"Actor","Actor: American College of Pediatricians","","","Sources: https://archive.iftcc.org/professional-organisations-against-the-banning-of-therapeutic-choice/","1","No"
"Actor","Actor: Exodus Global Alliance","","","","0","No"
"Actor","Actor: Desert Stream Ministries","","","","0","No"
"Actor","Actor: Living Waters","","","","0","No"
"Actor","Actor: Redeemed Lives International","","","","0","No"
"Actor","Actor: Unknown Actor","","","The article is published in Subjekt, a Norwegian cultural and political commentary outlet that has provided platform space for conservative Christian and gender-critical perspectives. The piece refere — Sources: https://subjekt.no/2022/09/19/forbud-mot-konverteringsterapi-er-illiberalt/ | https://www.fioriti.it/riviste/pdf/2/CC_Recensioni.pdf | https://www.youtube.com/watch?v=zya-Qf_zKvk","7","No"
"Actor","Actor: ILGA-Europe","","","Sources: https://www.galop.org.uk/resources/there-was-nothing-to-fix-lgbt-survivors-experiences-of-conversion-practices | https://irct.org/lgbti/","2","No"
"Actor","Actor: GATE","","","","0","No"
"Actor","Actor: Outright International","","","","0","No"
"Actor","Actor: GPAHE","","","","0","No"
"Actor","Actor: UNICEF","","","Sources: https://www.ohchr.org/sites/default/files/Documents/Issues/SexualOrientation/ConversionTherapyReport.pdf","1","No"
"Actor","Actor: Council of Europe","","","Sources: https://www.starobserver.com.au/news/council-of-europe-votes-to-support-a-trans-inclusive-ban-on-conversion-therapy/240699","1","No"
"Actor","Actor: Trevor Project","","","Sources: https://www.youtube.com/watch?v=zya-Qf_zKvk | https://www.apa.org/topics/lgbtq/sexual-orientation-change | https://www.starobserver.com.au/news/council-of-europe-votes-to-support-a-trans-inclusive-ban-on-conversion-therapy/240699","3","No"
"Actor","Actor: Stonewall","","","Sources: https://www.bbc.com/news/articles/c3w1gl530vvo | https://sex-matters.org/posts/updates/exercising-caution-over-stonewalls-exorcism-claims/ | https://irct.org/lgbti/","4","No"
"Actor","Actor: NCLR (National Center for Lesbian Rights)","","","","0","No"
"Actor","Actor: Bufdir","","","Sources: https://www.youtube.com/live/4YV3B6wLCcc?si=URXnhE4WN6K6WSKL | https://www.litteraturhuset.no/nb/arrangement/apen-horing-bufdirs-faglige-rad-om-moter-med-kjonnsmangfold","2","No"
"Actor","Actor: CHANGED Movement","","","","0","No"
"Actor","Actor: Voice of the Voiceless","","","","0","No"
"Actor","Actor: Genspect","","","","0","No"
"Actor","Actor: SEGM (Society for Evidence-Based Gender Medicine)","","","","0","No"
"Actor","Actor: Focus on the Family","","","","0","No"
"Actor","Actor: Family Research Council (FRC)","","","Sources: https://politicalresearch.org/2020/03/26/gender-ideology-yesterday-today-and-tomorrow","1","No"
"Actor","Actor: PFOX (Parents and Friends of Ex-Gays)","","","","0","No"
"Actor","Actor: MassResistance","","","","0","No"
"Actor","Actor: NARTH","","","The review centres on a book edited by Paolo Rigliano, Jimmy Ciliberto, and Federico Ferrari, published by Cortina Raffaello (Raffaello Cortina Editore), a major Italian academic publisher. The text r — Sources: https://ilmiolibro.kataweb.it/recensione/catalogo/2941/quelli-folli-terapie-per-gli-amori-diversi/","1","No"
"Actor","Actor: Family Watch International","","","","0","No"
"Actor","Actor: Reintegrative Therapy","","","","0","No"
"Actor","Actor: Gays Against Groomers","","","","0","No"
"Actor","Actor: 4thWaveNow","","","","0","No"
"Actor","Actor: Parents of ROGD Kids","","","","0","No"
"Actor","Actor: Detrans Foundation","","","","0","No"
"Actor","Actor: Bethel Church / Bethel Sozo","","","","0","No"
"Actor","Actor: Free to Change","","","Ruth Institute founded by Dr. Jennifer Roback Morse in 2008, San Diego, California, now operating as pro-family policy organization opposing same-sex marriage and gender identity recognition. Morse fo — Sources: https://www.youtube.com/watch?v=zya-Qf_zKvk","1","No"
"Actor","Actor: LGB Alliance UK","","","","0","No"
"Actor","Actor: LGB Alliance Australia","","","","0","No"
"Actor","Actor: Fair Play For Women","","","","0","No"
"Actor","Actor: For Women Scotland","","","","0","No"
"Actor","Actor: Sex Matters","","","Sources: https://sex-matters.org/posts/updates/exercising-caution-over-stonewalls-exorcism-claims/ | https://sex-matters.org/posts/campaigns/conversion-therapy-understanding-the-galop-survey-parliamentary-briefing/ | https://sex-matters.org/posts/updates/five-tests-before-any-conversion-practices-ban/","4","No"
"Actor","Actor: Transgender Trend","","","","0","No"
"Actor","Actor: Ellel Ministries","","","","0","No"
"Actor","Actor: Beyond Trans","","","","0","No"
"Actor","Actor: Foreldrenettverket (Norwegian parents network)","","","","0","No"
"Actor","Actor: HBRS (Norwegian detrans org)","","","","0","No"
"Actor","Actor: Coram Fratribus (Norwegian religious blog)","","","","0","No"
"Actor","Actor: Wüstenstrom (Germany/Switzerland)","","","","0","No"
"Actor","Actor: Hazte Oír / CitizenGO (Spain)","","","","0","No"
"Actor","Actor: Ordo Iuris (Poland)","","","","0","No"
"Actor","Actor: SPCh – Association of Christian Psychologists (Poland)","","","","0","No"
"Actor","Actor: Not the Same Love / Notthesamelove.com (Indonesia)","","","","0","No"
"Actor","Actor: Torrents de Vie (France)","","","","0","No"
"Actor","Actor: Onderweg.nu (Netherlands)","","","","0","No"
"Actor","Actor: HUG / Knus (Denmark)","","","","0","No"
"Actor","Actor: AdamogEva.dk (Denmark)","","","","0","No"
"Actor","Actor: Terapia do Amor / Igreja Universal (Portugal)","","","","0","No"
"Actor","Actor: Matthew Grech (Malta – ex-gay influencer)","","","Sources: https://www.youtube.com/watch?v=zya-Qf_zKvk | https://www.youtube.com/watch?v=2J2zKReC6B4","2","No"
"Actor","Actor: Victor Novitchi (Romania/Moldova – ex-gay influencer)","","","","0","No"
"Actor","Actor: Pedro Choy (Portugal – acupuncture conversion)","","","","0","No"
"Actor","Actor: Dr. Sybrand de Vaal (South Africa)","","","","0","No"
"Actor","Actor: Sihol Gianito Situmorang (Indonesia – notthesamelove.com)","","","","0","No"
"Actor","Actor: Transformed Life Community / TLC Indonesia","","","","0","No"
"Actor","Actor: CARM – Christian Apologetics Research Ministry (USA)","","","","0","No"
"Actor","Actor: Transformed Life Community (Indonesia)","","","","0","Yes"
"Actor","Actor: Victor Novitchi (Romania/Moldova)","","","","0","Yes"
"Actor","Actor: Christian Medical Fellowship (UK)","","","Sources: https://archive.iftcc.org/professional-organisations-against-the-banning-of-therapeutic-choice/","1","Yes"
"Actor","Actor: Faika El-Nagashi (Austria)","","","","0","Yes"
"Actor","Actor: Athena Forum (EU)","","","Sources: https://subjekt.no/2026/02/09/kjonnsidentitet-som-rettslig-begrep/","1","Yes"
"Actor","Actor: Battle of Ideas / Academy of Ideas (UK)","","","","0","Yes"
"Actor","Actor: GIRES (Gender Identity Research & Education Society)","","","","0","Yes"
"Actor","Actor: Ozanne Foundation","","","","0","Yes"
"Actor","Actor: LGBT Foundation (UK)","","","","0","Yes"
"Actor","Actor: Mermaids (UK)","","","","0","Yes"
"Actor","Actor: Alliance Defending Freedom","","","Sources: https://politicalresearch.org/2020/03/26/gender-ideology-yesterday-today-and-tomorrow","1","Yes"
"Actor","Actor: ATCSI (Alliance for Therapeutic Choice and Scientific Integrity) / NARTH legacy","","","Sources: https://archive.iftcc.org/professional-organisations-against-the-banning-of-therapeutic-choice/","1","Yes"
"Actor","Actor: IFTCC (International Federation for Therapeutic and Counselling Choice)","","","","0","Yes"
"Actor","Actor: Richard Beharie (Norway)","","","","0","Yes"
"Actor","Actor: Subjekt (Norway)","","","Sources: https://athena-forum.eu/media/subjekt-norwegian-gender-identity-is-granted-legal-protection-as-fact-it-should-instead-be-protected-under-freedom-of-religion-or-belief/","1","Yes"
"Actor","Actor: Genid Norge (Norway)","","","","0","Yes"
"Actor","Actor: Gay Men's Network (UK)","","","","0","Yes"
"Actor","Actor: Lesbian Project (UK)","","","","0","Yes"
"Actor","Actor: Institute for Faith & Family (USA)","","","","0","Yes"
"Actor","Actor: Political Research Associates (USA)","","","","0","Yes"
"Actor","Actor: Ruth Institute (USA)","","","","0","Yes"
"Actor","Actor: Liberty Counsel (USA)","","","","0","Yes"
"Actor","Actor: Family Policy Alliance (USA)","","","","0","Yes"
"Actor","Actor: Movement Advancement Project","","","","0","Yes"
"Actor","Actor: IRCT (International Rehabilitation Council for Torture Victims)","","","Sources: https://www.ohchr.org/en/press-releases/2020/07/un-expert-calls-global-ban-practices-so-called-conversion-therapy | https://www.ohchr.org/sites/default/files/Documents/Issues/SexualOrientation/ConversionTherapyReport.pdf","2","Yes"
"Actor","Actor: Independent Forensic Expert Group (IFEG)","","","Sources: https://www.ohchr.org/sites/default/files/Documents/Issues/SexualOrientation/ConversionTherapyReport.pdf","1","Yes"
"Actor","Actor: Víctor Madrigal-Borloz (Costa Rica)","","","","0","Yes"
"Actor","Actor: Galop (UK)","","","Sources: https://sex-matters.org/posts/campaigns/conversion-therapy-understanding-the-galop-survey-parliamentary-briefing/","1","Yes"
"Actor","Actor: Relevant Christianity (Malta/USA)","","","","0","Yes"
"Actor","Actor: Anne Kalvig (Norway)","","","","0","Yes"
"Actor","Actor: Dr. Laura Haynes (USA)","","","Sources: https://archive.iftcc.org/professional-organisations-against-the-banning-of-therapeutic-choice/","1","Yes"
"Actor","Actor: FIAMC (International Federation of Catholic Medical Associations)","","","","0","Yes"
"Actor","Actor: AAPS (American Association of Physicians and Surgeons)","","","","0","Yes"
"Actor","Actor: CMDA (Christian Medical and Dental Association)","","","","0","Yes"
"Actor","Actor: CMA (Catholic Medical Association USA)","","","","0","Yes"
"Actor","Actor: Society of Catholic Social Scientists","","","","0","Yes"
"Actor","Actor: AACC (American Association of Christian Counselors)","","","","0","Yes"
"Actor","Actor: Kaylee Childs (USA)","","","","0","Yes"
"Actor","Actor: Father Paul Sullins (USA)","","","","0","Yes"
"Actor","Actor: Lærerforeningen VERN (Norway)","","","","0","Yes"
"Actor","Actor: Kvinneaktivistene Oslo (Norway)","","","","0","Yes"
"Actor","Actor: LHB Norge (Norway)","","","","0","Yes"
"Actor","Actor: Forskningsnettverket NORSMA (Norway)","","","","0","Yes"
"Actor","Actor: Merit Johanne Bruset (Norway)","","","","0","Yes"
"Actor","Actor: Miriam Jørgensen (Norway)","","","","0","Yes"
"Actor","Actor: Camilla Aslaksen (Norway)","","","","0","Yes"
"Actor","Actor: Pia Gårde (Norway)","","","","0","Yes"
"Network","Network: International Ex-Gay Network","Global umbrella coordinating ex-gay ministries across continents; shares ideology, resources, conference infrastructure. Predecessor to current IFTCC networks.","","Courage International (primary). Likely IFTCC secondary distributor. Possible Focus on the Family / ADF funding. EWTN distribution. Side B theology post-2013 rebranding. — Sources: https://www.youtube.com/watch?v=ZjpvRQqY7ig | https://www.youtube.com/watch?v=HMOEPis0HJo","2","No"
"Network","Network: BreakPoint / Chuck Colson Center (USA)","US evangelical apologetics org (Chuck Colson); distributes anti-LGBT talking points via radio, podcasts, affiliate churches worldwide.","","AmorePuro (Italy), Bukan Cinta Sejenis / TLC (Indonesia), You and Me Forever, BreakPoint / Chuck Colson Center (USA), CARM. Parallel Facebook pages per language.","0","No"
"Network","Network: Exodus International (legacy)","Largest historical ex-gay network (1976-2013); closed after Alan Chambers apologised for harm. Legacy absorbed into IFTCC and allied orgs.","","","0","No"
"Network","Network: IFTCC Network","International Federation for Therapeutic and Counselling Choice; primary lobbying front against conversion therapy bans. Key node connecting European and US actors.","","Dr. Mike Davidson is co-founder and appears to be primary representative of the International Federation for Therapeutic and Counseling Choice (IFTCC), registered in United Kingdom, which holds annual — Sources: https://archive.iftcc.org/professional-organisations-against-the-banning-of-therapeutic-choice/ | https://www.youtube.com/watch?v=2J2zKReC6B4 | https://www.youtube.com/watch?v=_60QHbLC1dE","4","No"
"Network","Network: Catholic Ex-Gay Network","Vatican-aligned orgs promoting lifelong celibacy for LGBT-identifying Catholics. Interlocks with Courage International and diocesan pastoral offices globally.","","Courage International (primary). Likely IFTCC secondary distributor. Possible Focus on the Family / ADF funding. EWTN distribution. Side B theology post-2013 rebranding. — Sources: https://archive.iftcc.org/professional-organisations-against-the-banning-of-therapeutic-choice/","1","No"
"Network","Network: Courage International Network","Catholic apostolate (Fr John Harvey); promotes celibacy and SSA suppression. Active in North America, UK, Ireland, Eastern Europe. Vatican-affiliated.","","Courage International (primary). Likely IFTCC secondary distributor. Possible Focus on the Family / ADF funding. EWTN distribution. Side B theology post-2013 rebranding.","0","No"
"Network","Network: Living Waters Network","Andrew Comiskey / Desert Stream Ministries pastoral model franchised through local churches globally. Frames SSA as sexual brokenness healable through accountability.","","","0","No"
"Network","Network: NARTH / Alliance for Therapeutic Choice Network","US pseudo-psychology network rebranded as Alliance for Therapeutic Choice; produces pseudo-scientific justifications for SOGICE and lobbies against bans.","","The review centres on a book edited by Paolo Rigliano, Jimmy Ciliberto, and Federico Ferrari, published by Cortina Raffaello (Raffaello Cortina Editore), a major Italian academic publisher. The text r — Sources: https://ilmiolibro.kataweb.it/recensione/catalogo/2941/quelli-folli-terapie-per-gli-amori-diversi/","1","No"
"Network","Network: Anti-Gender Movement (Europe)","Transnational coalition of Catholic, Orthodox, and far-right actors opposing LGBTQ+ rights under gender ideology framing. Coordinated via World Congress of Families and Ordo Iuris.","","Dr. Mike Davidson is co-founder and appears to be primary representative of the International Federation for Therapeutic and Counseling Choice (IFTCC), registered in United Kingdom, which holds annual — Sources: https://www.youtube.com/watch?v=zya-Qf_zKvk | https://politicalresearch.org/2020/03/26/gender-ideology-yesterday-today-and-tomorrow | https://athena-forum.eu/publications/briefing-a-deceptive-label-on-conversion-therapy-bans/","5","No"
"Network","Network: CitizenGO / Hazte Oír Network","Spanish-origin conservative mobilisation network across Europe and Latin America; fronts anti-LGBTQ and anti-abortion campaigns with transatlantic funding.","","Sources: https://politicalresearch.org/2020/03/26/gender-ideology-yesterday-today-and-tomorrow","1","No"
"Network","Network: Ordo Iuris Network (Poland)","Polish far-right Catholic legal NGO producing model anti-LGBTQ legislation adopted across Central and Eastern Europe. Linked to World Congress of Families.","","","0","No"
"Network","Network: AmorePuro (Italy)","Italian SOGICE network under Cristoterapia framing; connects to Not the Same Love, Catholic diocesan structures, and international ex-gay content.","","AmorePuro (Italy), Bukan Cinta Sejenis / TLC (Indonesia), You and Me Forever, BreakPoint / Chuck Colson Center (USA), CARM. Parallel Facebook pages per language.","0","No"
"Network","Network: Bukan Cinta Sejenis (Indonesia)","Indonesian anti-LGBT network translating Western SOGICE materials and coordinating conversion ministry in Southeast Asia.","","AmorePuro (Italy), Bukan Cinta Sejenis / TLC (Indonesia), You and Me Forever, BreakPoint / Chuck Colson Center (USA), CARM. Parallel Facebook pages per language.","0","No"
"Network","Network: You and Me Forever","Online pastoral community promoting heteronormative family and SSA suppression via spiritual accountability structures; reaches global evangelical audiences.","","AmorePuro (Italy), Bukan Cinta Sejenis / TLC (Indonesia), You and Me Forever, BreakPoint / Chuck Colson Center (USA), CARM. Parallel Facebook pages per language.","0","No"
"Network","Network: SEGM / Genspect Network","Society for Evidence-Based Gender Medicine + Genspect; coordinates anti-trans medical disinformation opposing gender-affirming care globally.","","","0","No"
"Network","Network: 4thWaveNow / Detrans Network","US-origin parent/detransitioner network weaponising detransition narratives to oppose youth gender care. Connects to ROGD framers, LGB Alliance, and SEGM.","","","0","No"
"Network","Network: LGB Alliance Network","UK-origin network claiming to represent LGB people while systematically opposing trans rights; spreading internationally via affiliated national orgs.","","Sources: https://sex-matters.org/posts/updates/five-tests-before-any-conversion-practices-ban/ | https://athena-forum.eu/publications/policy-brief-the-eu-lgbtiq-strategy/","2","No"
"Network","Network: World Congress of Families","US-origin religious-right coordination body linking Catholic, evangelical, and Orthodox actors globally. Primary infrastructure for anti-gender movement conferences.","","Ruth Institute founded by Dr. Jennifer Roback Morse in 2008, San Diego, California, now operating as pro-family policy organization opposing same-sex marriage and gender identity recognition. Morse fo — Sources: https://www.youtube.com/watch?v=zya-Qf_zKvk | https://www.youtube.com/watch?v=_60QHbLC1dE","2","No"
"Network","Network: Alliance Defending Freedom (ADF)","US Christian legal org funding litigation against LGBTQ+ rights globally; provides legal support to European anti-gender actors and conversion therapy defenders.","","Ruth Institute founded by Dr. Jennifer Roback Morse in 2008, San Diego, California, now operating as pro-family policy organization opposing same-sex marriage and gender identity recognition. Morse fo — Sources: https://politicalresearch.org/2020/03/26/gender-ideology-yesterday-today-and-tomorrow | https://www.youtube.com/watch?v=zya-Qf_zKvk | https://www.youtube.com/watch?v=_60QHbLC1dE","3","No"
"Network","Network: Family Research Council Network","US evangelical advocacy org (SPLC-designated hate group); produces anti-LGBT policy materials through evangelical church and media networks.","","Sources: https://politicalresearch.org/2020/03/26/gender-ideology-yesterday-today-and-tomorrow | https://www.youtube.com/watch?v=zya-Qf_zKvk","2","No"
"Network","Network: Focus on the Family Network","US evangelical media empire; historic funder of Exodus International and ongoing distributor of SOGICE-adjacent content through Dobson-era global infrastructure.","","Sources: https://www.youtube.com/watch?v=zya-Qf_zKvk","1","No"
"Network","Network: Evangelicals for Biblical Sexuality","UK evangelical network opposing LGBTQ+ inclusion; coordinates pastoral SOGICE under biblical sexuality framing across Church of England and Free Church denominations.","","","0","No"
"Network","Network: TLC Indonesia (Transformed Life Community)","","","","0","No"
"Network","Network: CARM Network (USA)","","","","0","No"
"Network","Network: Transformed Life Community / TLC (Indonesia)","","","","0","Yes"
"Network","Network: X-Out-Loud / Core Issues Trust (Malta-UK)","","","Sources: https://www.youtube.com/watch?v=zya-Qf_zKvk | https://www.youtube.com/watch?v=2J2zKReC6B4","2","Yes"
"Network","Network: Athena Forum Network (EU)","","","Sources: https://athena-forum.eu/media/subjekt-norwegian-gender-identity-is-granted-legal-protection-as-fact-it-should-instead-be-protected-under-freedom-of-religion-or-belief/ | https://athena-forum.eu/publications/briefing-a-deceptive-label-on-conversion-therapy-bans/ | https://athena-forum.eu/publications/policy-brief-the-eu-lgbtiq-strategy/","5","Yes"
"Network","Network: IFTCC-linked Legal Advocacy","","","","0","Yes"
"Network","Network: FIAMC (International Federation of Catholic Medical Associations)","","","","0","Yes"
"Network","Network: AAPS (American Association of Physicians and Surgeons)","","","","0","Yes"
"Network","Network: CMDA (Christian Medical and Dental Association)","","","","0","Yes"
"Network","Network: CMA (Catholic Medical Association USA)","","","","0","Yes"
"Network","Network: SCSS (Society of Catholic Social Scientists)","","","","0","Yes"
"Network","Network: AACC (American Association of Christian Counselors)","","","","0","Yes"
"Practice","Practice: Psychotherapy (change/suppression)","","","The review centres on a book edited by Paolo Rigliano, Jimmy Ciliberto, and Federico Ferrari, published by Cortina Raffaello (Raffaello Cortina Editore), a major Italian academic publisher. The text r — Sources: https://www.youtube.com/watch?v=zya-Qf_zKvk | https://archive.iftcc.org/professional-organisations-against-the-banning-of-therapeutic-choice/ | https://www.youtube.com/watch?v=2J2zKReC6B4","13","No"
"Practice","Practice: Spiritual Healing","","","Courage International (primary). Likely IFTCC secondary distributor. Possible Focus on the Family / ADF funding. EWTN distribution. Side B theology post-2013 rebranding. — Sources: https://www.bbc.com/news/articles/c3w1gl530vvo | https://www.ohchr.org/en/press-releases/2020/07/un-expert-calls-global-ban-practices-so-called-conversion-therapy | https://www.ohchr.org/sites/default/files/Documents/Issues/SexualOrientation/ConversionTherapyReport.pdf","9","No"
"Practice","Practice: Pastoral Care","","","The article is published in Subjekt, a Norwegian cultural and political commentary outlet that has provided platform space for conservative Christian and gender-critical perspectives. The piece refere — Sources: https://www.youtube.com/watch?v=zya-Qf_zKvk | https://www.youtube.com/watch?v=2J2zKReC6B4 | https://www.bbc.com/news/articles/c3w1gl530vvo","13","No"
"Practice","Practice: Deliverance","","","Unnamed Pentecostal church near Glasgow. Practices match independent UK charismatic networks. Beck references TIE campaign (Scotland) and cross-party UK parliamentary debate. — Sources: https://www.bbc.com/news/articles/c3w1gl530vvo | https://youtu.be/a3nsE_JIiJA?si=Tw6S7w5fCQrzGsdj | https://www.youtube.com/watch?v=ZjpvRQqY7ig","4","No"
"Practice","Practice: Exorcism","","","Unnamed Pentecostal church near Glasgow. Practices match independent UK charismatic networks. Beck references TIE campaign (Scotland) and cross-party UK parliamentary debate. — Sources: https://www.bbc.com/news/articles/c3w1gl530vvo | https://www.ohchr.org/sites/default/files/Documents/Issues/SexualOrientation/ConversionTherapyReport.pdf | https://youtu.be/a3nsE_JIiJA?si=Tw6S7w5fCQrzGsdj","4","No"
"Practice","Practice: Coaching/Counselling-Rebrand","","","The article is published in Subjekt, a Norwegian cultural and political commentary outlet that has provided platform space for conservative Christian and gender-critical perspectives. The piece refere — Sources: https://www.youtube.com/watch?v=zya-Qf_zKvk | https://archive.iftcc.org/professional-organisations-against-the-banning-of-therapeutic-choice/ | https://subjekt.no/2022/09/19/forbud-mot-konverteringsterapi-er-illiberalt/","6","No"
"Practice","Practice: Identity Realignment","","","Dr. Mike Davidson is co-founder and appears to be primary representative of the International Federation for Therapeutic and Counseling Choice (IFTCC), registered in United Kingdom, which holds annual — Sources: https://www.youtube.com/live/4YV3B6wLCcc?si=URXnhE4WN6K6WSKL | https://www.youtube.com/watch?v=zya-Qf_zKvk | https://www.youtube.com/watch?v=_60QHbLC1dE","4","No"
"Practice","Practice: Retreat / Bootcamp","","","","0","No"
"Practice","Practice: Medicalization-Abuse","","","No named contemporary organizations. UK psychiatric hospital and prescribing doctor are institutional actors. Possibly linked to UK survivor advocacy networks documenting NHS aversion therapy history. — Sources: https://www.ohchr.org/sites/default/files/Documents/Issues/SexualOrientation/ConversionTherapyReport.pdf | https://www.youtube.com/watch?v=Y6hgVt5le9k","2","No"
"Practice","Practice: Hormonal-Intervention-Misuse","","","Sources: https://www.ohchr.org/sites/default/files/Documents/Issues/SexualOrientation/ConversionTherapyReport.pdf","1","No"
"Practice","Practice: Family Pressure","","","The documentary ""Rien à guérir"" was produced by Citoyenneté et Participation asbl (Belgian NGO) and filmmaker Mathilde Mayen Wauters, broadcast on RTBF La Trois (Belgian public TV). Axel Winkel is quo — Sources: https://www.youtube.com/watch?v=zya-Qf_zKvk | https://www.bbc.com/news/articles/c3w1gl530vvo | https://www.ohchr.org/en/press-releases/2020/07/un-expert-calls-global-ban-practices-so-called-conversion-therapy","6","No"
"Practice","Practice: Social Pressure / Community Pressure","","","New organisation Athena Forum (EU) promoted; references to LGB Alliance and WDI; EU/CoE entities cited (FRA, SOJESK unit) as influence targets; strategic litigation and cross‑border advocacy described — Sources: https://www.youtube.com/live/4YV3B6wLCcc?si=URXnhE4WN6K6WSKL | https://www.youtube.com/watch?v=zya-Qf_zKvk | https://www.ohchr.org/en/press-releases/2020/07/un-expert-calls-global-ban-practices-so-called-conversion-therapy","5","No"
"Term","Term: SSA","Same-Sex Attraction — core euphemism for gay/lesbian identity","SSA-Rhetoric","The article is published in Subjekt, a Norwegian cultural and political commentary outlet that has provided platform space for conservative Christian and gender-critical perspectives. The piece refere — Sources: https://www.youtube.com/watch?v=zya-Qf_zKvk | https://archive.iftcc.org/professional-organisations-against-the-banning-of-therapeutic-choice/ | https://subjekt.no/2022/09/19/forbud-mot-konverteringsterapi-er-illiberalt/","7","No"
"Term","Term: SGA","Same-Gender Attraction — variant of SSA","SSA-Rhetoric","","0","No"
"Term","Term: USSA","Unwanted Same-Sex Attraction — adds suppression framing","SSA-Rhetoric","Primary actor CMF (UK). Cites/contests GEO evidence assessment; critiques the UK therapy MoU (2015/2017) and NHS guidance as “affirmation-only.” Discursive alignment with broader European/US anti-gend","0","No"
"Term","Term: Change-Allowing Therapy","SOGICE rebranded as client choice","Policy-Resistance","New organisation Athena Forum (EU) promoted; references to LGB Alliance and WDI; EU/CoE entities cited (FRA, SOJESK unit) as influence targets; strategic litigation and cross‑border advocacy described — Sources: https://archive.iftcc.org/professional-organisations-against-the-banning-of-therapeutic-choice/ | https://www.youtube.com/watch?v=zya-Qf_zKvk | https://www.youtube.com/watch?v=_60QHbLC1dE","3","No"
"Term","Term: Congruence Therapy","SOGICE rebranded as aligning values with identity","Policy-Resistance","","0","No"
"Term","Term: Reintegrative Therapy","SOGICE practice name by David Pickup","Policy-Resistance","","0","No"
"Term","Term: Identity Exploration Therapy","SOGICE misappropriating neutral therapy language","Policy-Resistance","Dr. Mike Davidson is co-founder and appears to be primary representative of the International Federation for Therapeutic and Counseling Choice (IFTCC), registered in United Kingdom, which holds annual — Sources: https://www.youtube.com/watch?v=_60QHbLC1dE","1","No"
"Term","Term: Therapeutic Choice","Policy-resistance slogan against conversion therapy bans","Policy-Resistance","Ruth Institute founded by Dr. Jennifer Roback Morse in 2008, San Diego, California, now operating as pro-family policy organization opposing same-sex marriage and gender identity recognition. Morse fo — Sources: https://www.youtube.com/watch?v=zya-Qf_zKvk | https://archive.iftcc.org/professional-organisations-against-the-banning-of-therapeutic-choice/ | https://www.youtube.com/watch?v=2J2zKReC6B4","4","No"
"Term","Term: Sexual Brokenness","Pastoral framing of LGBTQ+ identity as brokenness","Pastoral-Coercion","The review centres on a book edited by Paolo Rigliano, Jimmy Ciliberto, and Federico Ferrari, published by Cortina Raffaello (Raffaello Cortina Editore), a major Italian academic publisher. The text r — Sources: https://www.youtube.com/watch?v=zya-Qf_zKvk | https://www.youtube.com/watch?v=_60QHbLC1dE | https://youtu.be/a3nsE_JIiJA?si=Tw6S7w5fCQrzGsdj","5","Yes"
"Term","Term: Journey Out of Homosexuality","Ministry narrative framing conversion as a journey","Pastoral-Coercion","Ruth Institute founded by Dr. Jennifer Roback Morse in 2008, San Diego, California, now operating as pro-family policy organization opposing same-sex marriage and gender identity recognition. Morse fo — Sources: https://www.youtube.com/watch?v=zya-Qf_zKvk | https://www.youtube.com/watch?v=_60QHbLC1dE | https://youtu.be/a3nsE_JIiJA?si=Tw6S7w5fCQrzGsdj","5","No"
"Term","Term: Overcomer","Self-description used in SOGICE communities","Pastoral-Coercion","Ruth Institute founded by Dr. Jennifer Roback Morse in 2008, San Diego, California, now operating as pro-family policy organization opposing same-sex marriage and gender identity recognition. Morse fo — Sources: https://www.youtube.com/watch?v=zya-Qf_zKvk | https://www.youtube.com/watch?v=_60QHbLC1dE | https://youtu.be/a3nsE_JIiJA?si=Tw6S7w5fCQrzGsdj","5","No"
"Term","Term: Freedom from SSA","Ministry phrase for conversion goals","Pastoral-Coercion","Ruth Institute founded by Dr. Jennifer Roback Morse in 2008, San Diego, California, now operating as pro-family policy organization opposing same-sex marriage and gender identity recognition. Morse fo — Sources: https://www.youtube.com/watch?v=zya-Qf_zKvk | https://www.youtube.com/watch?v=2J2zKReC6B4 | https://www.youtube.com/watch?v=_60QHbLC1dE","5","No"
"Term","Term: Love the Sinner","Pastoral coercion disguised as compassion","Pastoral-Coercion","Unnamed Pentecostal church near Glasgow. Practices match independent UK charismatic networks. Beck references TIE campaign (Scotland) and cross-party UK parliamentary debate. — Sources: https://www.youtube.com/watch?v=zya-Qf_zKvk | https://youtu.be/a3nsE_JIiJA?si=Tw6S7w5fCQrzGsdj | https://www.youtube.com/watch?v=ZjpvRQqY7ig","3","No"
"Term","Term: Truth in Love","Pastoral slogan implying suppression is compassion","Pastoral-Coercion","Ruth Institute founded by Dr. Jennifer Roback Morse in 2008, San Diego, California, now operating as pro-family policy organization opposing same-sex marriage and gender identity recognition. Morse fo — Sources: https://www.youtube.com/watch?v=zya-Qf_zKvk | https://www.youtube.com/watch?v=_60QHbLC1dE | https://www.youtube.com/watch?v=ZjpvRQqY7ig","3","No"
"Term","Term: Biblical Masculinity/Femininity Restoration","Gender-essentialist SOGICE framing","Pastoral-Coercion","Unnamed Pentecostal church near Glasgow. Practices match independent UK charismatic networks. Beck references TIE campaign (Scotland) and cross-party UK parliamentary debate. — Sources: https://www.youtube.com/watch?v=_60QHbLC1dE | https://youtu.be/a3nsE_JIiJA?si=Tw6S7w5fCQrzGsdj","2","No"
"Term","Term: Ex-Gay","Identity label promoted by conversion ministries","Pastoral-Coercion","Ruth Institute founded by Dr. Jennifer Roback Morse in 2008, San Diego, California, now operating as pro-family policy organization opposing same-sex marriage and gender identity recognition. Morse fo — Sources: https://www.youtube.com/watch?v=zya-Qf_zKvk | https://archive.iftcc.org/professional-organisations-against-the-banning-of-therapeutic-choice/ | https://www.youtube.com/watch?v=2J2zKReC6B4","7","No"
"Term","Term: ROGD","Rapid Onset Gender Dysphoria — debunked pseudo-diagnostic","Anti-Trans","Sources: https://www.youtube.com/live/4YV3B6wLCcc?si=URXnhE4WN6K6WSKL","1","No"
"Term","Term: Detrans Pandemic","Exaggerating detransition prevalence — disinformation","Detrans","","0","No"
"Term","Term: Peak Trans","Radicalization term for becoming anti-trans","Anti-Trans","","0","No"
"Term","Term: Gender Cult Survivor","Hostile metaphor for detransition","Detrans","","0","No"
"Term","Term: Trans Trend","Dismissing trans identity as a social trend","Anti-Trans","Sources: https://www.youtube.com/live/4YV3B6wLCcc?si=URXnhE4WN6K6WSKL | https://athena-forum.eu/publications/briefing-a-deceptive-label-on-conversion-therapy-bans/","2","No"
"Term","Term: Social Contagion Myth","LGBTQ+ as peer-spread contagion","Pseudo-Science","Sources: https://www.youtube.com/live/4YV3B6wLCcc?si=URXnhE4WN6K6WSKL | https://athena-forum.eu/publications/briefing-a-deceptive-label-on-conversion-therapy-bans/","2","No"
"Term","Term: Weaponized Detrans Narrative","Exploiting detrans stories for anti-trans advocacy","Detrans","","0","No"
"Term","Term: Parental Rights Frame","Anti-trans political frame against youth care","Policy-Resistance","Ruth Institute founded by Dr. Jennifer Roback Morse in 2008, San Diego, California, now operating as pro-family policy organization opposing same-sex marriage and gender identity recognition. Morse fo — Sources: https://www.youtube.com/live/4YV3B6wLCcc?si=URXnhE4WN6K6WSKL | https://athena-forum.eu/updates/pushing-conversion-therapy-bans-across-europe-transactivist-demands-enabled-by-political-indifference/ | https://www.youtube.com/watch?v=zya-Qf_zKvk","3","No"
"Term","Term: SOGI Propaganda","Conspiratorial frame against inclusive education","Anti-Gender","","0","No"
"Term","Term: Objectively True Sex","Gender-essentialist slogan against trans identity","Anti-Trans","","0","No"
"Term","Term: globohomo","Far-right slur — global LGBTQ+ conspiracy","Hate-Speech","","0","No"
"Term","Term: Degeneracy","Extremist slur dehumanizing LGBTQ+ people","Hate-Speech","","0","No"
"Term","Term: Alphabet People","Mockery of LGBTQ+ acronym","Hate-Speech","","0","No"
"Term","Term: Gender Ideology","Conspiracy frame against LGBTQ+ equality","Anti-Gender","Dr. Mike Davidson is co-founder and appears to be primary representative of the International Federation for Therapeutic and Counseling Choice (IFTCC), registered in United Kingdom, which holds annual — Sources: https://www.youtube.com/live/4YV3B6wLCcc?si=URXnhE4WN6K6WSKL | https://athena-forum.eu/media/subjekt-norwegian-gender-identity-is-granted-legal-protection-as-fact-it-should-instead-be-protected-under-freedom-of-religion-or-belief/ | https://sex-matters.org/posts/updates/exercising-caution-over-stonewalls-exorcism-claims/","12","No"
"Term","Term: Groomer Panic","Anti-LGBTQ trope alleging child grooming","Hate-Speech","Sources: https://politicalresearch.org/2020/03/26/gender-ideology-yesterday-today-and-tomorrow","1","No"
"Term","Term: No One Is Born Gay","Anti-scientific slogan denying orientation origins","SSA-Rhetoric","Ruth Institute founded by Dr. Jennifer Roback Morse in 2008, San Diego, California, now operating as pro-family policy organization opposing same-sex marriage and gender identity recognition. Morse fo — Sources: https://www.youtube.com/watch?v=zya-Qf_zKvk","1","No"
"Term","Term: Lifestyle Choice","Delegitimizing LGBTQ+ identity as voluntary behavior","SSA-Rhetoric","Ruth Institute founded by Dr. Jennifer Roback Morse in 2008, San Diego, California, now operating as pro-family policy organization opposing same-sex marriage and gender identity recognition. Morse fo — Sources: https://www.youtube.com/watch?v=zya-Qf_zKvk | https://www.youtube.com/watch?v=ZjpvRQqY7ig","2","No"
"Term","Term: Reparative Drive","Nicolosi pseudo-psychoanalytic concept","SSA-Rhetoric","","0","No"
"Term","Term: Mother Wound","Pseudo-psychological origin theory for homosexuality","SSA-Rhetoric","","0","No"
"Term","Term: Father Wound / Father Deficit Model","Pseudo-psychological origin theory","SSA-Rhetoric","","0","Yes"
"Term","Term: Neuroplasticity Argument (weaponized)","Misusing brain research to claim orientation can change","Pseudo-Science","","0","No"
"Term","Term: Autogynephilia","Pseudo-diagnostic used to delegitimize trans women","Anti-Trans","","0","No"
"Term","Term: Failed Boy Syndrome","Pseudo-psychology — claimed cause of homosexuality","SSA-Rhetoric","","0","No"
"Term","Term: #G2S","Social media hashtag promoting gay-to-straight conversion","SSA-Rhetoric","","0","No"
"Term","Term: #overcominghomosexuality","TikTok conversion hashtag","SSA-Rhetoric","","0","No"
"Term","Term: WPATH Files","Organized disinformation against WPATH standards of care","Policy-Resistance","","0","No"
"Term","Term: Detransition Awareness Day","Organized anti-trans event","Policy-Resistance","","0","No"
"Term","Term: Cristoterapia","Italian SOGICE rebranding — Christ therapy","Pastoral-Coercion","","0","No"
"Term","Term: Terapia do Amor","Portuguese/Brazilian SOGICE — Igreja Universal","Pastoral-Coercion","","0","No"
"Term","Term: kjønnsideologi","Norwegian — gender ideology; framing LGBTQ+ rights as ideological imposition","Anti-Gender","Sources: https://www.youtube.com/live/4YV3B6wLCcc?si=URXnhE4WN6K6WSKL | https://www.litteraturhuset.no/nb/arrangement/apen-horing-bufdirs-faglige-rad-om-moter-med-kjonnsmangfold | https://subjekt.no/2021/10/12/forbud-mot-konverteringsterapi-kan-sla-feil-ut/","4","No"
"Term","Term: reparativ terapi","Norwegian direct term for reparative/conversion therapy","Pastoral-Coercion","Sources: https://subjekt.no/2021/10/12/forbud-mot-konverteringsterapi-kan-sla-feil-ut/","1","No"
"Term","Term: Groomer","Standalone slur — LGBTQ+ people as child predators","Hate-Speech","","0","No"
"Term","Term: Transvestigator","Conspiracy claim that public figures are secretly transgender","Hate-Speech","","0","No"
"Term","Term: Cotton Ceiling","Anti-trans slur weaponized against trans women","Anti-Trans","","0","No"
"Term","Term: Gender Critical","Self-identified political label legitimizing anti-trans activism","Anti-Trans","Sources: https://athena-forum.eu/publications/briefing-a-deceptive-label-on-conversion-therapy-bans/ | https://athena-forum.eu/publications/policy-brief-the-eu-lgbtiq-strategy/ | https://www.starobserver.com.au/news/council-of-europe-votes-to-support-a-trans-inclusive-ban-on-conversion-therapy/240699","3","No"
"Term","Term: Homosexual Disorder","Outdated DSM framing still used by SOGICE actors","SSA-Rhetoric","","0","No"
"Term","Term: Sexual Addiction Framework","Applying addiction language to same-sex attraction","SSA-Rhetoric","","0","No"
"Term","Term: Attachment Disorder Theory","Pseudo-psychological claim: gay identity from childhood attachment failure","SSA-Rhetoric","","0","No"
"Term","Term: Side B","Theological position requiring gay Christians to remain celibate","Pastoral-Coercion","Sources: https://www.youtube.com/watch?v=zya-Qf_zKvk","1","No"
"Term","Term: Ex-Trans","Identity label for detransitioned people promoted by anti-trans actors","Detrans","","0","No"
"Term","Term: Dysphoria Industry","Anti-trans conspiracy framing gender medicine as profit-driven","Policy-Resistance","","0","No"
"Term","Term: Puberty Blocker Panic","Moral panic framing around puberty blockers","Policy-Resistance","Sources: https://www.youtube.com/live/4YV3B6wLCcc?si=URXnhE4WN6K6WSKL","1","No"
"Term","Term: Transgender Regret","Overrepresentation of regret narratives to deny care","Detrans","","0","No"
"Term","Term: Biology Is Destiny","Gender-essentialist slogan rejecting self-determination","Anti-Trans","","0","No"
"Term","Term: Epidemic of Loneliness","Framing LGBTQ+ identity as inherently isolating — used to promote conversion","Pastoral-Coercion","AmorePuro (Italy), Bukan Cinta Sejenis / TLC (Indonesia), You and Me Forever, BreakPoint / Chuck Colson Center (USA), CARM. Parallel Facebook pages per language.","0","Yes"
"Term","Term: Epidemic of Loneliness","Framing LGBTQ+ identity as inherently isolating — used to promote conversion","Pastoral-Coercion","AmorePuro (Italy), Bukan Cinta Sejenis / TLC (Indonesia), You and Me Forever, BreakPoint / Chuck Colson Center (USA), CARM. Parallel Facebook pages per language.","0","Yes"
"Term","Term: Broken Lifestyle","","","","0","Yes"
"Term","Term: New Creation in Christ","","","Courage International (primary). Likely IFTCC secondary distributor. Possible Focus on the Family / ADF funding. EWTN distribution. Side B theology post-2013 rebranding. — Sources: https://www.youtube.com/watch?v=zya-Qf_zKvk | https://www.youtube.com/watch?v=ZjpvRQqY7ig | https://www.youtube.com/watch?v=xh_2dxQtcXs","4","Yes"
"Term","Term: Secular Culture Invading Church","","","X-Out-Loud primary. Echoes Restored Hope Network / IFTCC rhetoric. Aligns with World Congress of Families / ADF anti-gender frameworks. Distribution via church community and non-believers. — Sources: https://www.youtube.com/watch?v=HMOEPis0HJo","1","Yes"
"Term","Term: Sexual Revolution","","","X-Out-Loud primary. Echoes Restored Hope Network / IFTCC rhetoric. Aligns with World Congress of Families / ADF anti-gender frameworks. Distribution via church community and non-believers. — Sources: https://www.youtube.com/watch?v=zya-Qf_zKvk | https://www.youtube.com/watch?v=HMOEPis0HJo","2","Yes"
"Term","Term: Gender Confusion","","","Sources: https://www.youtube.com/live/4YV3B6wLCcc?si=URXnhE4WN6K6WSKL","1","Yes"
"Term","Term: Left LGBT","","","","0","Yes"
"Term","Term: Sexual Restoration","","","","0","Yes"
"Term","Term: Sexual Brokenness","Pastoral framing of LGBTQ+ identity as brokenness","Pastoral-Coercion","The review centres on a book edited by Paolo Rigliano, Jimmy Ciliberto, and Federico Ferrari, published by Cortina Raffaello (Raffaello Cortina Editore), a major Italian academic publisher. The text r — Sources: https://www.youtube.com/watch?v=zya-Qf_zKvk | https://www.youtube.com/watch?v=_60QHbLC1dE | https://youtu.be/a3nsE_JIiJA?si=Tw6S7w5fCQrzGsdj","5","Yes"
"Term","Term: Seeking a Way Out","","","Unnamed Pentecostal church near Glasgow. Practices match independent UK charismatic networks. Beck references TIE campaign (Scotland) and cross-party UK parliamentary debate. — Sources: https://youtu.be/a3nsE_JIiJA?si=Tw6S7w5fCQrzGsdj","1","Yes"
"Term","Term: Emotional Healing","","","X-Out-Loud = Core Issues Trust project (explicit in video). Donation via Constant Contact (US processing). Likely IFTCC Network. Possible Bethel-style deliverance movement connections. — Sources: https://www.youtube.com/watch?v=ZjpvRQqY7ig | https://www.youtube.com/watch?v=xh_2dxQtcXs","2","Yes"
"Term","Term: Breakthrough (conversion context)","","","X-Out-Loud = Core Issues Trust project (explicit in video). Donation via Constant Contact (US processing). Likely IFTCC Network. Possible Bethel-style deliverance movement connections. — Sources: https://www.youtube.com/watch?v=ZjpvRQqY7ig | https://www.youtube.com/watch?v=xh_2dxQtcXs","2","Yes"
"Term","Term: Faithful Churches","","","","0","Yes"
"Term","Term: Father Wound / Father Deficit Model","Pseudo-psychological origin theory","SSA-Rhetoric","","0","Yes"
"Term","Term: Former Lesbian","","","","0","Yes"
"Term","Term: Struggling With SSA","","","Courage International (primary). Likely IFTCC secondary distributor. Possible Focus on the Family / ADF funding. EWTN distribution. Side B theology post-2013 rebranding. — Sources: https://www.youtube.com/watch?v=zya-Qf_zKvk","1","Yes"
"Term","Term: Broken And Need Fixing","","","Courage International (primary). Likely IFTCC secondary distributor. Possible Focus on the Family / ADF funding. EWTN distribution. Side B theology post-2013 rebranding.","0","Yes"
"Term","Term: Pray The Gay Away","","","Courage International (primary). Likely IFTCC secondary distributor. Possible Focus on the Family / ADF funding. EWTN distribution. Side B theology post-2013 rebranding. — Sources: https://www.bbc.com/news/articles/c3w1gl530vvo","1","Yes"
"Term","Term: Love God Like A Lover","","","Courage International (primary). Likely IFTCC secondary distributor. Possible Focus on the Family / ADF funding. EWTN distribution. Side B theology post-2013 rebranding.","0","Yes"
"Term","Term: Prayer Ministry","","","Courage International (primary). Likely IFTCC secondary distributor. Possible Focus on the Family / ADF funding. EWTN distribution. Side B theology post-2013 rebranding. — Sources: https://www.bbc.com/news/articles/c3w1gl530vvo","1","Yes"
"Term","Term: Casting Out Demons","","","Sources: https://www.bbc.com/news/articles/c3w1gl530vvo","1","Yes"
"Term","Term: Anointed With Holy Oil","","","","0","Yes"
"Term","Term: Speaking In Tongues","","","","0","Yes"
"Term","Term: Pastoral Support","","","Primary actor CMF (UK). Cites/contests GEO evidence assessment; critiques the UK therapy MoU (2015/2017) and NHS guidance as “affirmation-only.” Discursive alignment with broader European/US anti-gend — Sources: https://www.youtube.com/watch?v=zya-Qf_zKvk","1","Yes"
"Term","Term: Unchaste Living","","","","0","Yes"
"Term","Term: Living Chastely","","","Sources: https://www.youtube.com/watch?v=zya-Qf_zKvk","1","Yes"
"Term","Term: Flooded With Grace","","","","0","Yes"
"Term","Term: Aversion Therapy","","","Sources: https://www.ohchr.org/sites/default/files/Documents/Issues/SexualOrientation/ConversionTherapyReport.pdf","1","Yes"
"Term","Term: Apomorphine Protocol","","","","0","Yes"
"Term","Term: pressions psychiques","","","","0","Yes"
"Term","Term: conditionnement psychologique","","","","0","Yes"
"Term","Term: thérapies de conversion","","","","0","Yes"
"Term","Term: EffectiveChange","","","","0","Yes"
"Term","Term: MixedAttracted","","","","0","Yes"
"Term","Term: conversion therapy ban","","","Ruth Institute founded by Dr. Jennifer Roback Morse in 2008, San Diego, California, now operating as pro-family policy organization opposing same-sex marriage and gender identity recognition. Morse fo — Sources: https://www.youtube.com/watch?v=zya-Qf_zKvk | https://archive.iftcc.org/professional-organisations-against-the-banning-of-therapeutic-choice/ | https://www.bbc.com/news/articles/c3w1gl530vvo","13","Yes"
"Term","Term: therapeutic choice","","","Ruth Institute founded by Dr. Jennifer Roback Morse in 2008, San Diego, California, now operating as pro-family policy organization opposing same-sex marriage and gender identity recognition. Morse fo — Sources: https://athena-forum.eu/publications/briefing-a-deceptive-label-on-conversion-therapy-bans/ | https://www.youtube.com/watch?v=zya-Qf_zKvk","2","Yes"
"Term","Term: sexual purity","","","Ruth Institute founded by Dr. Jennifer Roback Morse in 2008, San Diego, California, now operating as pro-family policy organization opposing same-sex marriage and gender identity recognition. Morse fo — Sources: https://www.youtube.com/watch?v=zya-Qf_zKvk","1","Yes"
"Term","Term: living in agreement with God","","","Ruth Institute founded by Dr. Jennifer Roback Morse in 2008, San Diego, California, now operating as pro-family policy organization opposing same-sex marriage and gender identity recognition. Morse fo — Sources: https://www.youtube.com/watch?v=zya-Qf_zKvk","1","Yes"
"Term","Term: moral seriousness","","","Ruth Institute founded by Dr. Jennifer Roback Morse in 2008, San Diego, California, now operating as pro-family policy organization opposing same-sex marriage and gender identity recognition. Morse fo — Sources: https://www.youtube.com/watch?v=zya-Qf_zKvk","1","Yes"
"Term","Term: lifelong monogamy","","","Ruth Institute founded by Dr. Jennifer Roback Morse in 2008, San Diego, California, now operating as pro-family policy organization opposing same-sex marriage and gender identity recognition. Morse fo — Sources: https://www.youtube.com/watch?v=zya-Qf_zKvk","1","Yes"
"Term","Term: sexual orientation change","","","Ruth Institute founded by Dr. Jennifer Roback Morse in 2008, San Diego, California, now operating as pro-family policy organization opposing same-sex marriage and gender identity recognition. Morse fo — Sources: https://www.youtube.com/watch?v=zya-Qf_zKvk","1","Yes"
"Term","Term: born that way","","","Sources: https://www.youtube.com/watch?v=zya-Qf_zKvk","1","Yes"
"Term","Term: Pharmacological Conversion Therapy","","","","0","Yes"
"Term","Term: Affirmation-Only Approach","","","Sources: https://www.youtube.com/live/4YV3B6wLCcc?si=URXnhE4WN6K6WSKL | https://athena-forum.eu/publications/briefing-a-deceptive-label-on-conversion-therapy-bans/ | https://athena-forum.eu/publications/policy-brief-the-eu-lgbtiq-strategy/","3","Yes"
"Term","Term: Watch and Wait Policy","","","Sources: https://athena-forum.eu/publications/briefing-a-deceptive-label-on-conversion-therapy-bans/","1","Yes"
"Term","Term: Turf Island","","","","0","Yes"
"Term","Term: Strategic Ideological Capture","","","Sources: https://athena-forum.eu/publications/policy-brief-the-eu-lgbtiq-strategy/","1","Yes"
"Term","Term: sexual orientation change therapy","","","","0","Yes"
"Term","Term: GICT","","","","0","Yes"
"Term","Term: SAFE-T","","","","0","Yes"
"Term","Term: Expressive Individualism","","","","0","Yes"
"Term","Term: Corrective Action","","","","0","Yes"
"Term","Term: Gay Cure","","","","0","Yes"
"Term","Term: Modern Homophobia Scale (MHS)","","","","0","Yes"
"Term","Term: R‑SOCCS (Revised Sexual Orientation Counselor Competency Scale)","","","","0","Yes"
"Term","Term: ICD‑11 Declassification (Gender Incongruence outside Mental Disorders)","","","","0","Yes"
"Term","Term: eterosessuali con problemi di omosessualità","","","Sources: https://www.fioriti.it/riviste/pdf/2/CC_Recensioni.pdf | https://ilmiolibro.kataweb.it/recensione/catalogo/2941/quelli-folli-terapie-per-gli-amori-diversi/","2","Yes"
"Term","Term: terapie affermative","","","Sources: https://www.fioriti.it/riviste/pdf/2/CC_Recensioni.pdf | https://ilmiolibro.kataweb.it/recensione/catalogo/2941/quelli-folli-terapie-per-gli-amori-diversi/","2","Yes"
"Term","Term: ideologia riparativa","","","Sources: https://www.fioriti.it/riviste/pdf/2/CC_Recensioni.pdf | https://ilmiolibro.kataweb.it/recensione/catalogo/2941/quelli-folli-terapie-per-gli-amori-diversi/","2","Yes"
"Term","Term: Former-LGBT / Ex-gay as Protected Status","","","Sources: https://www.youtube.com/watch?v=zya-Qf_zKvk","1","Yes"
"Term","Term: X-Out-Loud","","","","0","Yes"
"Term","Term: Mostly-Heterosexual","","","","0","Yes"
"Term","Term: Pansexual Humanism","","","","0","Yes"
"Term","Term: Trauma Causation Claims","","","","0","Yes"
"Term","Term: Cancel Culture (CT bans)","","","Sources: https://athena-forum.eu/updates/pushing-conversion-therapy-bans-across-europe-transactivist-demands-enabled-by-political-indifference/","1","Yes"
"Term","Term: SSA (same‑sex attraction) / pociąg do osób tej samej płci","","","","0","Yes"
"Term","Term: SSB (same‑sex behavior) / zachowania homoseksualne","","","","0","Yes"
"Term","Term: GD (gender dysphoria) / dysforia płciowa","","","","0","Yes"
"Term","Term: OSA (opposite‑sex attracted) / osoba heteroseksualna","","","","0","Yes"
"Term","Term: CT (conversion therapy) / terapia konwersyjna","","","","0","Yes"
"Term","Term: niezgodność płciowa (gender incongruence)","","","","0","Yes"
"Term","Term: terapie awersyjne","","","","0","Yes"
"Term","Term: elektrowstrząsy (ES) / elektrowstrząsy konwulsyjne (ECS) / terapia elektrowstrząsowa (ECT)","","","Sources: https://www.ohchr.org/sites/default/files/Documents/Issues/SexualOrientation/ConversionTherapyReport.pdf","1","Yes"
"Term","Term: prawo wyboru terapii","","","","0","Yes"
"Term","Term: poradnictwo duszpasterskie","","","","0","Yes"
"Term","Term: mowa nienawiści (homotransfobiczna)","","","","0","Yes"
"Term","Term: zmiana pociągu seksualnego / redukcja SSA","","","","0","Yes"
"Term","Term: SSA – Hemcinsinden Etkilenme (Same-Sex Attraction)","","","","0","Yes"
"Term","Term: SSB – Eşcinsel Davranışlar (Same-Sex Behaviour)","","","","0","Yes"
"Term","Term: GD – Cinsiyet Disforisi (Gender Dysphoria)","","","","0","Yes"
"Term","Term: OSA – Karşı Cinsten Etkilenme (Opposite-Sex Attracted)","","","","0","Yes"
"Term","Term: CT – Dönüşüm Terapisi (Conversion Therapy)","","","","0","Yes"
"Term","Term: cinsel değişkenlik","","","","0","Yes"
"Term","Term: pastoral yardım / pastoral konuşmalar","","","","0","Yes"
"Term","Term: elektro-şok (ES) / elektrokonvülsif şok (ECS)","","","","0","Yes"
"Term","Term: SSA – потяги до своєї статі","","","","0","Yes"
"Term","Term: SSB – одностатева поведінка","","","","0","Yes"
"Term","Term: ГД – гендерна дисфорія","","","","0","Yes"
"Term","Term: OSA – потяг до протилежної статі","","","","0","Yes"
"Term","Term: гендерна неконгруентність","","","","0","Yes"
"Term","Term: КТ – конверсійна терапія","","","","0","Yes"
"Term","Term: OS – протилежна стать","","","","0","Yes"
"Term","Term: сексуальна флюїдність","","","","0","Yes"
"Term","Term: SSA – Anziehung zum eigenen Geschlecht / gleichgeschlechtliche Anziehung","","","","0","Yes"
"Term","Term: SSB – gleichgeschlechtlich ausgerichtetes Verhalten","","","","0","Yes"
"Term","Term: GD – Geschlechtsdysphorie","","","","0","Yes"
"Term","Term: OSA – Anziehung zum anderen Geschlecht / gegengeschlechtliche Anziehung","","","","0","Yes"
"Term","Term: KT – Konversionstherapie","","","","0","Yes"
"Term","Term: Seelsorgerliche Unterstützung / seelsorgerliche Gespräche","","","","0","Yes"
"Term","Term: Aversionstherapien / erzwungene Therapien / auf Beschämung beruhende Therapien","","","","0","Yes"
"Term","Term: Elektroschocktherapie (ES) / Elektrokrampftherapie (ECS)","","","Sources: https://www.ohchr.org/sites/default/files/Documents/Issues/SexualOrientation/ConversionTherapyReport.pdf","1","Yes"
"Term","Term: SSA – azonos nemhez vonzódás","","","","0","Yes"
"Term","Term: SSB – az azonos nemmel folytatott szexuális magatartás/viselkedés","","","","0","Yes"
"Term","Term: GD – nemi diszfória","","","","0","Yes"
"Term","Term: OSA – ellenkező neműhöz vonzódás","","","","0","Yes"
"Term","Term: CT – konverziós terápia","","","","0","Yes"
"Term","Term: szexualitás fluid / szexuális fluiditás","","","","0","Yes"
"Term","Term: lelkigondozói beszélgetés / lelkigondozói segítség","","","","0","Yes"
"Term","Term: averziós / kényszerítő / megszégyenítő kezelések","","","","0","Yes"
"Term","Term: elektrosokk (ES) / elektrokonvulzív sokk (ECS)","","","","0","Yes"
"Term","Term: SSA – attrazioni per persone dello stesso sesso (same‑sex attraction)","","","","0","Yes"
"Term","Term: SSB – comportamenti sessuali verso persone dello stesso sesso (same‑sex behaviour)","","","","0","Yes"
"Term","Term: GD – disforia di genere","","","","0","Yes"
"Term","Term: OSA – attrazioni per il sesso opposto (opposite‑sex attraction)","","","","0","Yes"
"Term","Term: CT – terapia di conversione","","","","0","Yes"
"Term","Term: conversazioni/sostegno pastorale","","","","0","Yes"
"Term","Term: aversion therapies / trattamenti coercitivi o che producono vergogna","","","","0","Yes"
"Term","Term: elettroshock (ES) / shock elettroconvulsivo (ECS)","","","","0","Yes"
"Term","Term: SSA – ġibdiet lejn l-istess sess (same‑sex attraction)","","","","0","Yes"
"Term","Term: SSB – imġieba sesswali lejn l-istess sess (same‑sex behaviour)","","","","0","Yes"
"Term","Term: GD – disforija tal-ġeneru","","","","0","Yes"
"Term","Term: OSA – ġibdiet lejn is-sess oppost (opposite‑sex attraction)","","","","0","Yes"
"Term","Term: CT / TK – ‘terapija ta’ konverżjoni’","","","","0","Yes"
"Term","Term: drittijiet u libertajiet tal-bniedem","","","","0","Yes"
"Term","Term: konversazzjonijiet pastorali / għajnuna pastorali","","","","0","Yes"
"Term","Term: trattamenti avversivi / koerċittivi / imbarazzanti","","","","0","Yes"
"Term","Term: elettro‑xokk (EX) / xokk elettro‑konvulsiv (XEK)","","","Sources: https://www.ohchr.org/sites/default/files/Documents/Issues/SexualOrientation/ConversionTherapyReport.pdf","1","Yes"
"Term","Term: SSA – príťažlivosť k rovnakému pohlaviu","","","","0","Yes"
"Term","Term: SSB – správanie k rovnakému pohlaviu","","","","0","Yes"
"Term","Term: GD – rodová dysfória","","","","0","Yes"
"Term","Term: OSA – príťažlivosť k opačnému pohlaviu","","","","0","Yes"
"Term","Term: CT – konverzná terapia","","","","0","Yes"
"Term","Term: pastoračné rozhovory / pastoračná pomoc","","","","0","Yes"
"Term","Term: averzívna / donucovacia / zahanbujúca liečba","","","","0","Yes"
"Term","Term: elektrošok (ES) / elektrošoková terapia (ECS)","","","Sources: https://www.ohchr.org/sites/default/files/Documents/Issues/SexualOrientation/ConversionTherapyReport.pdf","1","Yes"
"Term","Term: SSA – έλξη προς το ίδιο φύλο","","","","0","Yes"
"Term","Term: GD – δυσφορία φύλου","","","","0","Yes"
"Term","Term: SSB – συμπεριφορά προς το ίδιο φύλο","","","","0","Yes"
"Term","Term: OSA – έλξη προς το αντίθετο φύλο","","","","0","Yes"
"Term","Term: CT – «θεραπεία μετατροπής»","","","","0","Yes"
"Term","Term: αποτρεπτικές / καταναγκαστικές / ντροπιαστικές θεραπείες","","","","0","Yes"
"Term","Term: ηλεκτροσόκ (ES) / ηλεκτροσπασμωδικό σοκ (ECS)","","","Sources: https://www.ohchr.org/sites/default/files/Documents/Issues/SexualOrientation/ConversionTherapyReport.pdf","1","Yes"
"Term","Term: AHND – attirance homosexuelle non désirée","","","","0","Yes"
"Term","Term: CH – comportement homosexuel","","","","0","Yes"
"Term","Term: DG – dysphorie de genre","","","","0","Yes"
"Term","Term: AESO – attirance envers le sexe opposé","","","","0","Yes"
"Term","Term: CT – thérapie de conversion","","","","0","Yes"
"Term","Term: conversations/aidé pastoral","","","","0","Yes"
"Term","Term: traitements aversifs / coercitifs / honteux","","","","0","Yes"
"Term","Term: électrochoc (ES) / thérapies par chocs électroconvulsifs (ECS)","","","Sources: https://www.ohchr.org/sites/default/files/Documents/Issues/SexualOrientation/ConversionTherapyReport.pdf","1","Yes"
"Term","Term: SAFE‑T (Sexual Attraction Fluidity Exploration in Therapy)","","","","0","Yes"
"Term","Term: Former LGBT (ex‑gay / ex‑trans)","","","","0","Yes"
"Term","Term: Gender Ideology / Gender Theory","","","","0","Yes"
"Term","Term: Faith and Sexuality Survey (Ozanne) critique","","","","0","Yes"
"Term","Term: Ordine naturale sacro","","","","0","Yes"
"Term","Term: autoinvalidazione","","","","0","Yes"
"Term","Term: lavaggio del cervello","","","","0","Yes"
"Term","Term: Gay Affermative Therapy","","","","0","Yes"
"Term","Term: conversion practices","","","Sources: https://sex-matters.org/posts/updates/exercising-caution-over-stonewalls-exorcism-claims/ | https://sex-matters.org/posts/campaigns/conversion-therapy-understanding-the-galop-survey-parliamentary-briefing/ | https://www.galop.org.uk/resources/there-was-nothing-to-fix-lgbt-survivors-experiences-of-conversion-practices","6","Yes"
"Term","Term: manufactured consensus","","","Sources: https://athena-forum.eu/publications/briefing-a-deceptive-label-on-conversion-therapy-bans/","1","Yes"
"Term","Term: human dignity as shield","","","","0","Yes"
"Term","Term: vrangforestillinger om å være født i feil kropp","","","","0","Yes"
"Term","Term: transekskluderende radikalfeminister","","","","0","Yes"
"Term","Term: gender-critical group","","","","0","Yes"
"Term","Term: leve etter verdier","","","","0","Yes"
"Term","Term: bibelens seksualetikk","","","","0","Yes"
"Term","Term: kjønnsidentitetsideologien","","","","0","Yes"
"Term","Term: konverteringsterapi","","","The article is published in Subjekt, a Norwegian cultural and political commentary outlet that has provided platform space for conservative Christian and gender-critical perspectives. The piece refere — Sources: https://subjekt.no/2022/11/16/konverteringsterapi-bor-fordommes-det-samme-bor-forslaget-om-a-forby-det/ | https://subjekt.no/2022/09/19/forbud-mot-konverteringsterapi-er-illiberalt/","2","Yes"
"Term","Term: kjønnsbekreftende behandling","","","","0","Yes"
"Term","Term: homoterapi","","","","0","Yes"
"Term","Term: institutional capture","","","Sources: https://athena-forum.eu/publications/briefing-a-deceptive-label-on-conversion-therapy-bans/","1","Yes"
"Term","Term: transactivist lobby groups","","","Sources: https://athena-forum.eu/publications/briefing-a-deceptive-label-on-conversion-therapy-bans/","1","Yes"
"Term","Term: self-ID without age restrictions","","","","0","Yes"
"Term","Term: transing the gay","","","","0","Yes"
"Term","Term: affirmation-only care","","","Sources: https://sex-matters.org/posts/updates/exercising-caution-over-stonewalls-exorcism-claims/","1","Yes"
"Term","Term: conversion practices ban","","","Sources: https://athena-forum.eu/media/subjekt-norwegian-gender-identity-is-granted-legal-protection-as-fact-it-should-instead-be-protected-under-freedom-of-religion-or-belief/","1","Yes"
"Term","Term: Cass Review implementation","","","","0","Yes"
"Term","Term: gender identity ideology","","","","0","Yes"
"Term","Term: gender identity change efforts","","","","0","Yes"
"Term","Term: sexual orientation change efforts","","","","0","Yes"
"Term","Term: SOGI change efforts","","","","0","Yes"
"Term","Term: Therapeutic Fraud Prevention Act","","","","0","Yes"
"Term","Term: sexual orientation change effort","","","","0","Yes"
"Term","Term: SOCE","","","","0","Yes"
"Term","Term: reorientation therapy","","","","0","Yes"
"Term","Term: ex-gay therapy","","","","0","Yes"
"Term","Term: fully inclusive ban","","","","0","Yes"
"Term","Term: impure thoughts","","","","0","Yes"
"Term","Term: gay therapy","","","","0","Yes"
"Term","Term: exercising human choice","","","","0","Yes"
"Term","Term: preserving religious freedom","","","","0","Yes"
"Term","Term: kjønnsmangfold","","","Sources: https://www.youtube.com/live/4YV3B6wLCcc?si=URXnhE4WN6K6WSKL | https://www.litteraturhuset.no/nb/arrangement/apen-horing-bufdirs-faglige-rad-om-moter-med-kjonnsmangfold","2","Yes"
"Harm","Harm: Mild","","","Ruth Institute founded by Dr. Jennifer Roback Morse in 2008, San Diego, California, now operating as pro-family policy organization opposing same-sex marriage and gender identity recognition. Morse fo — Sources: https://www.youtube.com/live/4YV3B6wLCcc?si=URXnhE4WN6K6WSKL | https://www.youtube.com/watch?v=2J2zKReC6B4 | https://stoptheban.ca/watch-censored-documentary-on-conversion-therapy/","5","No"
"Harm","Harm: Moderate","","","Dr. Mike Davidson is co-founder and appears to be primary representative of the International Federation for Therapeutic and Counseling Choice (IFTCC), registered in United Kingdom, which holds annual — Sources: https://www.youtube.com/watch?v=zya-Qf_zKvk | https://www.youtube.com/watch?v=_60QHbLC1dE | https://www.youtube.com/watch?v=xh_2dxQtcXs","4","No"
"Harm","Harm: Severe","","","The documentary ""Rien à guérir"" was produced by Citoyenneté et Participation asbl (Belgian NGO) and filmmaker Mathilde Mayen Wauters, broadcast on RTBF La Trois (Belgian public TV). Axel Winkel is quo — Sources: https://www.bbc.com/news/articles/c3w1gl530vvo | https://www.ohchr.org/en/press-releases/2020/07/un-expert-calls-global-ban-practices-so-called-conversion-therapy | https://www.ohchr.org/sites/default/files/Documents/Issues/SexualOrientation/ConversionTherapyReport.pdf","7","No"
"Harm","Harm: Graphic","","","No named contemporary organizations. UK psychiatric hospital and prescribing doctor are institutional actors. Possibly linked to UK survivor advocacy networks documenting NHS aversion therapy history. — Sources: https://www.ohchr.org/en/press-releases/2020/07/un-expert-calls-global-ban-practices-so-called-conversion-therapy | https://www.youtube.com/watch?v=Y6hgVt5le9k","2","No"
"Harm","Harm: Psychological","","","The review centres on a book edited by Paolo Rigliano, Jimmy Ciliberto, and Federico Ferrari, published by Cortina Raffaello (Raffaello Cortina Editore), a major Italian academic publisher. The text r — Sources: https://www.youtube.com/watch?v=zya-Qf_zKvk | https://www.bbc.com/news/articles/c3w1gl530vvo | https://www.ohchr.org/en/press-releases/2020/07/un-expert-calls-global-ban-practices-so-called-conversion-therapy","11","No"
"Harm","Harm: Medical","","","New organisation Athena Forum (EU) promoted; references to LGB Alliance and WDI; EU/CoE entities cited (FRA, SOJESK unit) as influence targets; strategic litigation and cross‑border advocacy described — Sources: https://www.ohchr.org/en/press-releases/2020/07/un-expert-calls-global-ban-practices-so-called-conversion-therapy | https://www.ohchr.org/sites/default/files/Documents/Issues/SexualOrientation/ConversionTherapyReport.pdf | https://www.youtube.com/watch?v=Y6hgVt5le9k","3","No"
"Harm","Harm: Faith-Based","","","New organisation Athena Forum (EU) promoted; references to LGB Alliance and WDI; EU/CoE entities cited (FRA, SOJESK unit) as influence targets; strategic litigation and cross‑border advocacy described — Sources: https://www.youtube.com/watch?v=zya-Qf_zKvk | https://www.bbc.com/news/articles/c3w1gl530vvo | https://www.ohchr.org/sites/default/files/Documents/Issues/SexualOrientation/ConversionTherapyReport.pdf","8","No"
"Migration","Migration: To-Europe","","","X-Out-Loud (primary). Unnamed Bucharest Pentecostal church. Romanian charismatic speaking circuit. Moldova evangelical youth camp infrastructure. — Sources: https://www.youtube.com/watch?v=xh_2dxQtcXs","1","No"
"Migration","Migration: From-Europe","","","","0","No"
"Migration","Migration: Transnational-SOGICE","","","Dr. Mike Davidson is co-founder and appears to be primary representative of the International Federation for Therapeutic and Counseling Choice (IFTCC), registered in United Kingdom, which holds annual — Sources: https://politicalresearch.org/2020/03/26/gender-ideology-yesterday-today-and-tomorrow | https://www.youtube.com/watch?v=_60QHbLC1dE","2","No"
"Migration","Migration: Asylum-Related","","","","0","No"
"Migration","Migration: Refugee-Claim","","","","0","No"
"Function","Function: Slur","","","","0","No"
"Function","Function: Euphemism","","","The article is published in Subjekt, a Norwegian cultural and political commentary outlet that has provided platform space for conservative Christian and gender-critical perspectives. The piece refere — Sources: https://www.youtube.com/live/4YV3B6wLCcc?si=URXnhE4WN6K6WSKL | https://www.youtube.com/watch?v=zya-Qf_zKvk | https://archive.iftcc.org/professional-organisations-against-the-banning-of-therapeutic-choice/","19","No"
"Function","Function: Conspiracy","","","New organisation Athena Forum (EU) promoted; references to LGB Alliance and WDI; EU/CoE entities cited (FRA, SOJESK unit) as influence targets; strategic litigation and cross‑border advocacy described — Sources: https://www.youtube.com/live/4YV3B6wLCcc?si=URXnhE4WN6K6WSKL | https://www.youtube.com/watch?v=zya-Qf_zKvk | https://politicalresearch.org/2020/03/26/gender-ideology-yesterday-today-and-tomorrow","8","No"
"Function","Function: Pseudo-Diagnostic","","","The review centres on a book edited by Paolo Rigliano, Jimmy Ciliberto, and Federico Ferrari, published by Cortina Raffaello (Raffaello Cortina Editore), a major Italian academic publisher. The text r — Sources: https://www.ohchr.org/sites/default/files/Documents/Issues/SexualOrientation/ConversionTherapyReport.pdf | https://subjekt.no/2021/10/12/forbud-mot-konverteringsterapi-kan-sla-feil-ut/ | https://ilmiolibro.kataweb.it/recensione/catalogo/2941/quelli-folli-terapie-per-gli-amori-diversi/","3","No"
"Function","Function: Identity-Policing","","","Cross-references many actors and networks: APA, APA Task Force, International Federation for Therapeutic and Counselling Choice (IFTCC), ATCSI/NARTH, Alliance Defending Freedom, LGB Alliance, activist — Sources: https://athena-forum.eu/publications/briefing-a-deceptive-label-on-conversion-therapy-bans/ | https://athena-forum.eu/publications/policy-brief-the-eu-lgbtiq-strategy/ | https://subjekt.no/2026/02/09/kjonnsidentitet-som-rettslig-begrep/","8","No"
"Function","Function: Moral-Purity Frame","","","Ruth Institute founded by Dr. Jennifer Roback Morse in 2008, San Diego, California, now operating as pro-family policy organization opposing same-sex marriage and gender identity recognition. Morse fo — Sources: https://www.youtube.com/watch?v=zya-Qf_zKvk | https://www.bbc.com/news/articles/c3w1gl530vvo | https://youtu.be/a3nsE_JIiJA?si=Tw6S7w5fCQrzGsdj","5","No"
"Function","Function: Political Slogan","","","The article is published in Subjekt, a Norwegian cultural and political commentary outlet that has provided platform space for conservative Christian and gender-critical perspectives. The piece refere — Sources: https://www.youtube.com/live/4YV3B6wLCcc?si=URXnhE4WN6K6WSKL | https://www.litteraturhuset.no/nb/arrangement/apen-horing-bufdirs-faglige-rad-om-moter-med-kjonnsmangfold | https://archive.iftcc.org/professional-organisations-against-the-banning-of-therapeutic-choice/","18","No"
"Function","Function: Recruitment Frame","","","New organisation Athena Forum (EU) promoted; references to LGB Alliance and WDI; EU/CoE entities cited (FRA, SOJESK unit) as influence targets; strategic litigation and cross‑border advocacy described — Sources: https://www.youtube.com/watch?v=zya-Qf_zKvk | https://archive.iftcc.org/professional-organisations-against-the-banning-of-therapeutic-choice/ | https://www.youtube.com/watch?v=2J2zKReC6B4","8","No"
"Function","Function: Pastoral Rhetoric","","","The article is published in Subjekt, a Norwegian cultural and political commentary outlet that has provided platform space for conservative Christian and gender-critical perspectives. The piece refere — Sources: https://www.youtube.com/watch?v=zya-Qf_zKvk | https://www.bbc.com/news/articles/c3w1gl530vvo | https://subjekt.no/2022/09/19/forbud-mot-konverteringsterapi-er-illiberalt/","9","No"
"Function","Function: Disinformation Narrative","","","Cross-references many actors and networks: APA, APA Task Force, International Federation for Therapeutic and Counselling Choice (IFTCC), ATCSI/NARTH, Alliance Defending Freedom, LGB Alliance, activist — Sources: https://www.youtube.com/live/4YV3B6wLCcc?si=URXnhE4WN6K6WSKL | https://www.youtube.com/watch?v=zya-Qf_zKvk | https://sex-matters.org/posts/updates/exercising-caution-over-stonewalls-exorcism-claims/","12","No"
"","","","","","",""
"=== DISCOVERED TERMS ===","","","","","",""
"Category","Term","Definition","Concept Cluster","Context Quote","Source URLs","Approved"
"Term (discovered)","epidemic of loneliness","A phrase weaponized to pathologize gay male communities by attributing mental health disparities to homosexuality itself rather than minority stress. Used to justify conversion ideology by framing gay identity as inherently isolating.","","Michael Hobbes writes about an 'epidemic of loneliness'","","2026-03-01"
"Term (discovered)","broken lifestyle","Euphemism for homosexuality used to frame gay identity as inherently dysfunctional and requiring repair, avoiding explicit 'disorder' language while maintaining pathologizing framework.","","a result of a broken lifestyle","","2026-03-01"
"Term (discovered)","New Creation in Christ","Theological concept weaponized to suggest conversion produces ontological transformation erasing LGBT identity. Based on 2 Corinthians 5:17, reinterpreted to mean sexual orientation/gender identity can be supernaturally altered.","Pastoral-Coercion","churches that have received the revelation of the New Creation","https://www.youtube.com/watch?v=HMOEPis0HJo","2026-03-01"
"Term (discovered)","secular culture invading the church","Conspiracy narrative positioning LGBT affirmation and human rights frameworks as external contamination of authentic Christianity. Frames legal protections and ethical guidelines as hostile takeover rather than safeguarding measures.","Anti-Gender","secular culture is invading the church","https://www.youtube.com/watch?v=HMOEPis0HJo","2026-03-01"
"Term (discovered)","sexual Revolution","Conservative Christian rhetorical device framing LGBT rights advances, gender equality, and sexual autonomy as coordinated cultural assault on traditional values. Used to justify church resistance to anti-discrimination protections and SOGICE bans.","Anti-Gender","the sexual Revolution that we're witnessing nowadays","https://www.youtube.com/watch?v=HMOEPis0HJo","2026-03-01"
"Term (discovered)","gender confusion","Pathologizing term treating transgender identity as cognitive error or spiritual deception. Used interchangeably with 'sexual Brokenness' to position trans identity within same conversion framework as sexual orientation.","Anti-Trans","unwanted same-sex attraction gender confusion and sexual addictions","https://www.youtube.com/watch?v=HMOEPis0HJo","2026-03-01"
"Term (discovered)","those who left LGBT","Identity-erasure phrase treating LGBT status as temporary affiliation or lifestyle choice rather than enduring identity. Parallels 'ex-gay' and 'ex-trans' terminology.","Detrans","How I Feel in My Church After I Left LGBT","https://www.youtube.com/watch?v=HMOEPis0HJo","2026-03-01"
"Term (discovered)","sexual restoration","Euphemism for conversion/change process framed as return to divinely intended heterosexual orientation. Implies LGBT identity represents fallen state requiring restoration to original creation design.","SSA-Rhetoric","journey of sexual restoration and emotional healing","https://www.youtube.com/watch?v=HMOEPis0HJo","2026-03-01"
"Term (discovered)","unwanted same-sex attraction","Rebranded version of 'SSA' emphasizing individual distress rather than organizational coercion. Frames same-sex attraction as externally imposed affliction the person seeks to eliminate.","SSA-Rhetoric","those who struggle with unwanted same-sex attraction","https://www.youtube.com/watch?v=HMOEPis0HJo","2026-03-01"
"Term (discovered)","sexual Brokenness","Euphemistic theological term positioning LGBT identity and attraction as spiritual pathology requiring healing. Replaces clinical conversion therapy language with pastoral care framing to evade legal restrictions.","SSA-Rhetoric","people who are healing from sexual Brokenness","https://www.youtube.com/watch?v=HMOEPis0HJo","2026-03-01"
"Term (discovered)","seeking a way out","Ex-gay narrative framing device positioning LGBT identity as trap or prison from which individuals must escape. Creates theological justification for change efforts as liberation ministry.","SSA-Rhetoric","ministered to those seeking a way out in compassion","https://www.youtube.com/watch?v=HMOEPis0HJo","2026-03-01"
"Term (discovered)","emotional healing","Therapeutic-sounding language used to medicalize pastoral conversion efforts. Implies LGBT identity stems from emotional wounds or trauma requiring church-based healing ministry.","Pastoral-Coercion","sexual restoration and emotional healing","https://www.youtube.com/watch?v=HMOEPis0HJo","2026-03-01"
"Term (discovered)","catalyzed moments of breakthrough","Charismatic/therapeutic language describing perceived success moments in conversion process. Frames orientation change as spiritual breakthrough rather than coerced conformity.","Pastoral-Coercion","catalyzed many moments of breakthrough","https://www.youtube.com/watch?v=HMOEPis0HJo","2026-03-01"
"Term (discovered)","faithful churches","Identity-policing language positioning churches that support conversion efforts as theologically orthodox while implying LGBT-affirming congregations are unfaithful or apostate.","Pastoral-Coercion","safe healthy and faithful churches","https://www.youtube.com/watch?v=HMOEPis0HJo","2026-03-01"
"Term (discovered)","sexual addictions","Pseudo-diagnostic category often conflating LGBT identity with behavioral addiction. Used to medicalize same-sex attraction and gender diversity as compulsive disorders requiring treatment.","Pseudo-Science","same-sex attraction gender confusion and sexual addictions","https://www.youtube.com/watch?v=HMOEPis0HJo","2026-03-01"
"Term (discovered)","struggle with homosexuality","Euphemistic framing of sexual orientation as temporary psychological affliction requiring spiritual or therapeutic resolution.","SSA-Rhetoric","what I was struggling with","https://www.youtube.com/watch?v=xh_2dxQtcXs","2026-03-01"
"Term (discovered)","healing homosexuality","Medical-sounding euphemism for conversion practices, framing sexual orientation as wound or disease requiring cure.","SSA-Rhetoric","your presence is the one that can heal homosexuality","https://www.youtube.com/watch?v=xh_2dxQtcXs","2026-03-01"
"Term (discovered)","set free from homosexuality","Liberation theology language applied to sexual orientation, positioning LGBT identity as spiritual captivity.","SSA-Rhetoric","be set free right now","https://www.youtube.com/watch?v=xh_2dxQtcXs","2026-03-01"
"Term (discovered)","same-sex attraction struggle","Compound euphemism combining SSA terminology with struggle language to doubly pathologize orientation while appearing clinically neutral.","SSA-Rhetoric","struggle with SSA","https://www.youtube.com/watch?v=xh_2dxQtcXs","2026-03-01"
"Term (discovered)","father wound","Attachment disorder pseudoscience claiming absent or abusive fathers cause male homosexuality. Used to provide non-biological etiology supporting change narratives.","Pseudo-Science","I had no male model","https://www.youtube.com/watch?v=xh_2dxQtcXs","2026-03-01"
"Term (discovered)","deliverance from homosexuality","Charismatic/Pentecostal theological framework positioning homosexuality as demonic bondage requiring exorcism-adjacent spiritual intervention.","Pastoral-Coercion","I felt something leaving me","https://www.youtube.com/watch?v=xh_2dxQtcXs","2026-03-01"
"Term (discovered)","homosexuality is a battle","Spiritual warfare framing positioning sexual orientation as ongoing combat requiring constant vigilance and divine weaponry.","Pastoral-Coercion","in their battles... every fight and struggle","https://www.youtube.com/watch?v=xh_2dxQtcXs","2026-03-01"
"Term (discovered)","vulnerable to homosexuality","Contagion framework suggesting homosexuality is external threat that individuals with certain risk factors are susceptible to catching. Supports grooming panic narratives.","Social-Contagion","we are weak and maybe vulnerable if we cross some limits","https://www.youtube.com/watch?v=xh_2dxQtcXs","2026-03-01"
"Term (discovered)","former lesbian","Identity label used in video title to assert that lesbian identity is a past temporal state rather than an ongoing orientation. Part of ex-gay linguistic strategy to position sexual orientation as changeable behavioral phase.","SSA-Rhetoric","Rebecca Paris (Former Lesbian Story)","https://www.youtube.com/watch?v=ZjpvRQqY7ig","2026-03-01"
"Term (discovered)","struggling with same-sex attraction","Pastoral euphemism positioning homosexual orientation as temporary spiritual struggle rather than identity. Functions to deny selfhood, frame attraction as sin requiring active resistance, and maintain illusion of mutability.","SSA-Rhetoric","you would never say I'm gay, it's just I'm struggling with this is the sin","https://youtu.be/a3nsE_JIiJA?si=Tw6S7w5fCQrzGsdj","2026-03-02"
"Term (discovered)","you're broken and you have to be fixed","Direct dehumanizing message delivered to SOGICE subjects. Positions homosexuality as defect requiring repair. Beck identifies as core message received for six years, resulting in zero self-esteem and suicidal ideation.","SSA-Rhetoric","for six years you're being told there's something wrong with you, you're broken and you have to be fixed","https://youtu.be/a3nsE_JIiJA?si=Tw6S7w5fCQrzGsdj","2026-03-02"
"Term (discovered)","pray the gay away","Colloquial survivor term describing belief that persistent prayer can eliminate homosexual orientation. Not used promotionally by practitioners but widely recognized shorthand.","Pastoral-Coercion","I had a good few years of trying to pray the gay way","https://youtu.be/a3nsE_JIiJA?si=Tw6S7w5fCQrzGsdj","2026-03-02"
"Term (discovered)","love God like a lover","Instruction to redirect erotic/romantic feelings toward God rather than same-sex partners. Positions divine relationship as substitute for human intimacy.","Pastoral-Coercion","love God like a lover — these were the three mantras I was told","https://youtu.be/a3nsE_JIiJA?si=Tw6S7w5fCQrzGsdj","2026-03-02"
"Term (discovered)","prayer ministry","Umbrella term for liturgical SOGICE practices in charismatic/Pentecostal contexts. Includes laying on of hands, speaking in tongues, exorcisms, anointing with oil. Rebrands coercive practices as voluntary spiritual care.","Pastoral-Coercion","prayer ministry at the front... laying hands on me speaking in tongues... that's a loophole","https://youtu.be/a3nsE_JIiJA?si=Tw6S7w5fCQrzGsdj","2026-03-02"
"Term (discovered)","casting out demons","Exorcism practice positioning homosexuality as demonic possession. Involves physical restraint, glossolalia, demands for visible reactions. Described as incredibly emotionally traumatizing.","Pastoral-Coercion","casting out demons... everyone's holding your belly and pushing on you","https://youtu.be/a3nsE_JIiJA?si=Tw6S7w5fCQrzGsdj","2026-03-02"
"Term (discovered)","anointed with holy oil","Ritual application of consecrated oil during exorcism/deliverance sessions. Sacramental practice repurposed for SOGICE.","Pastoral-Coercion","anointed with holy oil... throughout the six years that would then ramp up","https://youtu.be/a3nsE_JIiJA?si=Tw6S7w5fCQrzGsdj","2026-03-02"
"Term (discovered)","speaking in tongues","Glossolalia (ecstatic speech) used in Pentecostal exorcism rituals. Functions to create supernatural atmosphere, intimidate subjects, and signal Holy Spirit activity.","Pastoral-Coercion","laying hands on you speaking in tongues which is a made-up language","https://youtu.be/a3nsE_JIiJA?si=Tw6S7w5fCQrzGsdj","2026-03-02"
"Term (discovered)","pastoral support","Benign-sounding term used in UK policy debates to create religious exemptions for SOGICE. Beck identifies as deliberate loophole preserving harmful practices under care framework.","Policy-Resistance","protection for pastoral support and prayer... that's a loophole... that's not a comprehensive ban","https://youtu.be/a3nsE_JIiJA?si=Tw6S7w5fCQrzGsdj","2026-03-02"
"Term (discovered)","unchaste living","Courage International euphemism for actively engaging in same-sex relationships or sexual behavior, framed as spiritual disorder requiring confession and celibacy.","SSA-Rhetoric","I was miserable being unchaste. Unchaste living... was perpetually looking in the mirror.","","2026-03-02"
"Term (discovered)","living chastely","Courage International's preferred alternative to 'ex-gay', meaning lifelong celibacy for LGBT Catholics while retaining same-sex attractions. Frames suppression of intimacy as virtuous obedience rather than conversion.","SSA-Rhetoric","our relationship has only been better since I've become chaste and stopped my sexual activity","","2026-03-02"
"Term (discovered)","self-centered way","Catholic ex-gay rhetoric attributing moral failure to gay life via accusation of narcissism. Positions gay relationships as inherently selfish vs. heteronormative/celibate self-sacrifice.","Pastoral-Coercion","my self-centered way, all about me, taking care of me, having a wonderful life at everybody's expense","","2026-03-02"
"Term (discovered)","flooded with grace","Catholic charismatic language describing sudden spiritual experience that resolves same-sex attraction distress. Frames celibacy decision as divine intervention rather than social pressure.","Pastoral-Coercion","I was just flooded with grace and an overwhelming sense of gratitude","","2026-03-02"
"Term (discovered)","safe and I'm home","Courage testimonial closure formula positioning Catholic celibacy as emotional resolution vs. gay life as existential danger. Used to recruit LGBT Catholics experiencing minoritized stress.","Pastoral-Coercion","I have a sense about my life that I am safe and I'm home","","2026-03-02"
"Term (discovered)","aversion therapy","Medical conversion practice using electroshock, emetic drugs, and conditioned response protocols to associate same-sex attraction with pain, nausea, or distress. Widely practiced in UK/US psychiatric hospitals 1950s-1980s despite lacking evidence of efficacy.","Pseudo-Science","did you ever think aversion therapy would work I don't think I ever thought it would work","https://www.youtube.com/watch?v=Y6hgVt5le9k","2026-03-03"
"Term (discovered)","apomorphine injection","Emetic drug administered during aversion therapy to induce violent nausea/vomiting while patient views same-sex imagery. Part of behavioral conditioning protocol claiming to create negative associations with homosexuality.","Pseudo-Science","I would give him this apomorphine ejection which is an emetic to make him sick","https://www.youtube.com/watch?v=Y6hgVt5le9k","2026-03-03"
"Term (discovered)","pressions psychiques","French term for psychological pressures, used in Belgian legal definitions of conversion therapy to describe subtle coercion tactics that are difficult to detect but cause severe harm. Emphasises non-physical forms of identity suppression.","Pastoral-Coercion","pressions psychiques. Elles sont donc difficiles à détecter","https://www.rtbf.be/article/rien-a-guerir-un-documentaire-qui-denonce-les-therapies-de-conversion-pour-les-personnes-lgbtqia-11289873","2026-03-03"
"Term (discovered)","conditionnement psychologique","French term for psychological conditioning, used in Belgian legal and advocacy contexts to describe coercive SOGICE methods involving repeated psychological pressure. Belgium's 2023 conversion therapy ban explicitly criminalises ""conditionnement psychologique"" as a form of identity suppression.","Pastoral-Coercion","processus de conditionnement psychologique, de pressions psychiques","https://www.rtbf.be/article/rien-a-guerir-un-documentaire-qui-denonce-les-therapies-de-conversion-pour-les-personnes-lgbtqia-11289873","2026-03-03"
"Term (discovered)","thérapies de conversion","French term for conversion therapy, now criminalised in Belgium (since 20 July 2023). Defined legally as practices using physical intervention or psychological conditioning to modify or suppress sexual orientation, gender identity, or gender expression based on the erroneous premise that LGBTQIA+ people are sick.","SSA-Rhetoric","thérapies de conversion en Belgique","https://www.rtbf.be/article/rien-a-guerir-un-documentaire-qui-denonce-les-therapies-de-conversion-pour-les-personnes-lgbtqia-11289873","2026-03-03"
"Term (discovered)","terapie riparative","","SSA-Rhetoric","","https://www.fioriti.it/riviste/pdf/2/CC_Recensioni.pdf","2026-03-05"
"Term (discovered)","GAT (Gay Affermative Therapy)","","Non-SOGICE","","https://www.fioriti.it/riviste/pdf/2/CC_Recensioni.pdf","2026-03-05"
"Term (discovered)","l'esistenza omosessuale","","Non-SOGICE","","https://www.fioriti.it/riviste/pdf/2/CC_Recensioni.pdf","2026-03-05"
"Term (discovered)","teopsicologia","","Pastoral-Coercion","","https://www.fioriti.it/riviste/pdf/2/CC_Recensioni.pdf | https://ilmiolibro.kataweb.it/recensione/catalogo/2941/quelli-folli-terapie-per-gli-amori-diversi/","2026-03-05"
"Term (discovered)","effective change","Conversion therapy outcome measured by consistency with religious values rather than attraction change. Allows practitioners to redefine therapeutic success independent of actual orientation modification. Prioritizes behavioral and identity conformity over psychological wellbeing or authentic attraction patterns.","Pastoral-Coercion","effective in enabling person to live with good conscience","https://www.youtube.com/watch?v=_60QHbLC1dE","2026-03-05"
"Term (discovered)","mixed attracted","Term for individuals experiencing both same-sex and opposite-sex attractions, deployed to argue such persons should have right to pursue heterosexual direction. Used to challenge sexual orientation stability and advocate for conversion practices. Obscures research showing bisexual identity as valid orientation distinct from therapeutic intervention need.","SSA-Rhetoric","so many people who are mixed attracted","https://www.youtube.com/watch?v=_60QHbLC1dE","2026-03-05"
"Term (discovered)","government-mandated sexuality","Conspiracy claim that legal protections for LGBTQ people and bans on conversion therapy constitute governmental","Policy-Resistance","","https://www.youtube.com/watch?v=_60QHbLC1dE","2026-03-05"
"Term (discovered)","conversion therapy ban","Legal prohibitions on practices intended to change sexual orientation or gender identity, framed by opponents as government overreach criminalising religious counseling. Proponents characterise these laws as protecting minors from harmful pseudo-medical interventions.","Policy-Resistance","criminalizing counseling just talk therapy to someone of your choice","https://www.youtube.com/watch?v=zya-Qf_zKvk","2026-03-05"
"Term (discovered)","therapeutic choice","Rebranding of conversion therapy as voluntary counseling, emphasising client autonomy to obscure coercive contexts and deflect from documented harms. Positions opposition to such practices as restricting patient rights rather than protecting vulnerable populations.","Policy-Resistance","we want to talk about choice about living in agreement with God","https://www.youtube.com/watch?v=zya-Qf_zKvk","2026-03-05"
"Term (discovered)","sexual purity","Religious framework positioning sexuality outside heterosexual marriage as sinful contamination requiring cleansing through divine intervention. Used to pathologise LGBT identities and sexual expression while presenting abstinence or heterosexual conformity as spiritual restoration.","Pastoral-Coercion","we want to talk to you about sexual purity","https://www.youtube.com/watch?v=zya-Qf_zKvk","2026-03-05"
"Term (discovered)","living in agreement with God","Theological framing presenting LGBT identity or expression as rebellion against divine will, requiring transformation to align with heteronormative religious interpretation. Positions acceptance of LGBT identity as incompatible with Christian faith.","Pastoral-Coercion","living in agreement with God in a world full of chaos","https://www.youtube.com/watch?v=zya-Qf_zKvk","2026-03-05"
"Term (discovered)","moral seriousness","Religious framework valorising self-denial and conformity to conservative sexual ethics as evidence of spiritual maturity and meaningful existence. Positions LGBT acceptance as moral relativism or superficial happiness-seeking lacking authentic purpose.","Pastoral-Coercion","you will be morally serious and you will know your life is worth something","https://www.youtube.com/watch?v=zya-Qf_zKvk","2026-03-05"
"Term (discovered)","lifelong monogamy","Heterosexual marriage standard presented as divine mandate and universal human ideal, implicitly excluding same-sex relationships regardless of commitment or fidelity. Used to position LGBT relationships as inherently unstable or immoral by contrast.","SSA-Rhetoric","by setting up that standard of lifelong monogamy that was radical","https://www.youtube.com/watch?v=zya-Qf_zKvk","2026-03-05"
"Term (discovered)","sexual orientation change","Contested claim that sexual orientation can be intentionally altered through therapeutic or religious intervention, contradicting medical consensus that orientation is not a disorder requiring treatment. Used to justify conversion practices.","Pseudo-Science","some of them change their sexual orientation some permanently some partially","https://www.youtube.com/watch?v=zya-Qf_zKvk","2026-03-05"
"Term (discovered)","born that way","Derogatory characterization of biological basis for sexual orientation used to dismiss civil rights protections and mainstream scientific consensus. Presented as false ideology requiring protection through conversion therapy bans rather than established research finding. Used to argue LGBT status lacks immutability necessary for anti-discrimination law while enabling claims orientation is chosen or trauma-caused.","Pseudo-Science","people are born gay This is part of your identity You cannot change the white hot core of the issue","https://www.youtube.com/watch?v=zya-Qf_zKvk","2026-03-05"
"Term (discovered)","Pharmacological Conversion Therapy","Rhetorical inversion that recasts puberty blockers and cross-sex hormones as coercive medical conversion, portraying gender-affirming treatment as identity-changing rather than therapeutic.","Anti-Trans","puberty blockers provide a form of pharmacological conversion therapy","","2026-03-07"
"Term (discovered)","Affirmation-Only Approach","Depicts gender-affirming models as a rigid doctrine forbidding exploratory therapy, casting clinicians and regulators as ideologically captured.","Anti-Trans","the MoU mandates an affirmation only approach","","2026-03-07"
"Term (discovered)","Watch and Wait Policy","Promotes non-affirming delay as the prudent default for youth, claiming most will realign with natal sex absent support—used to delegitimise timely gender-affirming care.","Policy-Resistance","align with their natal gender if a ‘watch and wait’ policy is adopted","","2026-03-07"
"Term (discovered)","Turf Island","Derogatory nickname for the UK used positively within gender‑critical communities to brand the UK as resistant to gender identity policy.","Other","in the UK, aka Turf Island","","2026-03-07"
"Term (discovered)","Strategic Ideological Capture","Explains policy change as a coordinated takeover of institutions by trans-rights NGOs across EU structures and courts.","Anti-Gender","how influential the transactivist groups are… open doors to institutions","","2026-03-07"
"Term (discovered)","sexual orientation change therapy","Umbrella term used by SOGICE advocates to describe therapeutic interventions aimed at changing a person's sexual orientation from homosexual to heterosexual. Framed as evidence-based treatment option rather than harmful practice rejected by mainstream mental health organisations.","SSA-Rhetoric","empirically-validated by many decades of research","https://stoptheban.ca/watch-censored-documentary-on-conversion-therapy/","2026-03-07"
"Term (discovered)","GICT (Gender Identity ‘Conversion Therapy’)","A survey-defined umbrella term used in the report to capture practices aiming to change, suppress, or erase a person’s gender identity or expression; used analytically to study harms and policy needs in the UK.","Other","This report presents ground-breaking data on the effects of Gender Identity ‘Conversion Therapy’ (GICT) in the UK.","","2026-03-07"
"Term (discovered)","SAFE-T (Sexual Attraction Fluidity Exploration in Therapy)","A rebranding used by anti-ban groups (IFTCC/ATCSI) to present SOGICE as neutral exploration rather than directed identity-change intervention.","Rebranded-SOGICE","The IFTCC and ATCSI use the term SAFE‑T to convey the therapist is ‘not being coercive’ but assisting individuals to explore ‘unwanted same‑sex attractions’.","","2026-03-07"
"Term (discovered)","Expressive Individualism","Used in article to critique CT bans as embedding a subjective identity model prioritising self-identification over embodied or classical accounts.","Political-Ideological","Bans enshrine a form of expressive individualism where subjective self‑identification must be affirmed.","","2026-03-07"
"Term (discovered)","Corrective Action","Term used in reviewed studies to describe psychologist‑initiated attempts to change or correct a client's sexual orientation, often used as a proxy measure for reparative therapy behaviors.","Other","The studies assessed the frequency of 'corrective actions' by psychologists, including interventions intended to change sexual orientation. [1](https://universityofbergen-my.sharepoint.com/personal/sergio_roxo_uib_no/Documents/Microsoft%20Copilot%20Chat%20Files/7bd845e91b7f75c37950792f13c893800860.pdf)","","2026-03-07"
"Term (discovered)","Reparative Therapy","Psychotherapeutic attempts to change a client’s sexual orientation to heterosexuality; popularised by Nicolosi/NARTH; regarded as unethical and harmful by professional bodies.","Pathologization","The article defines ‘reparative therapy’ (popularly the ‘gay cure’) and situates it as contrary to APA/WHO/CFP standards. [1](https://universityofbergen-my.sharepoint.com/personal/sergio_roxo_uib_no/Documents/Microsoft%20Copilot%20Chat%20Files/7bd845e91b7f75c37950792f13c893800860.pdf)","https://irct.org/lgbti/","2026-03-07"
"Term (discovered)","Gay Cure","Popular label for reparative/conversion therapies implying pathologisation and the possibility of ‘curing’ sexual orientation.","Policy-Resistance / Slogan","“Reparative therapy, popularly called ‘gay cure’ …” [1](https://universityofbergen-my.sharepoint.com/personal/sergio_roxo_uib_no/Documents/Microsoft%20Copilot%20Chat%20Files/7bd845e91b7f75c37950792f13c893800860.pdf)","","2026-03-07"
"Term (discovered)","Modern Homophobia Scale (MHS)","Instrument measuring negative beliefs about gay and lesbian people/relationships; used to predict SOGICE ethics/practice in US samples.","Instrument","US studies used the MHS; higher negative beliefs predicted SOGICE support/practice. [1](https://universityofbergen-my.sharepoint.com/personal/sergio_roxo_uib_no/Documents/Microsoft%20Copilot%20Chat%20Files/7bd845e91b7f75c37950792f13c893800860.pdf)","","2026-03-07"
"Term (discovered)","R‑SOCCS (Revised Sexual Orientation Counselor Competency Scale)","Self‑report measure of clinicians’ competence with LGB clients; lower competence associated with viewing SOGICE as ethical.","Instrument","SOGICE‑support correlated with lower R‑SOCCS‑measured competence. [1](https://universityofbergen-my.sharepoint.com/personal/sergio_roxo_uib_no/Documents/Microsoft%20Copilot%20Chat%20Files/7bd845e91b7f75c37950792f13c893800860.pdf)","","2026-03-07"
"Term (discovered)","ICD‑11 Declassification (Gender Incongruence outside Mental Disorders)","WHO change endorsed at WHA72 (May 2019) that moved trans‑related diagnoses out of the mental disorders chapter.","Policy","The review notes WHO’s ICD‑11 revision, removing ‘transsexuality’ from mental disorders to protect dignity and guide ethical care. [1](https://universityofbergen-my.sharepoint.com/personal/sergio_roxo_uib_no/Documents/Microsoft%20Copilot%20Chat%20Files/7bd845e91b7f75c37950792f13c893800860.pdf)","","2026-03-07"
"Term (discovered)","eterosessuali con problemi di omosessualità","A pseudo-diagnostic phrase used by reparative therapy proponents to deny the existence of homosexual persons as a distinct category. According to this framework, individuals experiencing same-sex attraction are characterised as essentially heterosexual people suffering from a homosexuality problem that requires correction. This formulation pathologises same-sex attraction while preserving heterosexuality as the only valid human sexual orientation.","SSA-Rhetoric","Eterosessuali con problemi di omosessualità","","2026-03-07"
"Term (discovered)","terapie affermative","Therapeutic approaches that affirm homosexuality as a normal and positive variant of human sexual orientation. Affirmative therapies aim to support patients in accepting and integrating their sexual identity, addressing internalized homophobia and societal stigma rather than attempting to change orientation. The goal is patient liberation and self-acceptance within a framework of human rights and dignity.","SSA-Rhetoric","le nuove linee delle terapie affermative","","2026-03-07"
"Term (discovered)","ideologia riparativa","The ideological framework underlying reparative or conversion therapy approaches that view homosexuality as a developmental disorder requiring repair. Reparative ideology assumes heterosexuality represents the natural biological and divine design for humanity, framing same-sex attraction as a deviation or damage to be corrected through therapeutic intervention. The review systematically dismantles this ideology as scientifically unfounded and ethically harmful.","SSA-Rhetoric","Oltre l'ideologia riparativa dell'omosessualità","","2026-03-07"
"Term (discovered)","Former-LGBT / Ex-gay as Protected Status","Claim that discrimination against people because their orientation changed is unlawful under Equality Act, citing Core Issues Trust v TfL.","Legal-Claim","‘Discrimination… because his or her sexual orientation has changed, is discrimination…’ [1](https://universityofbergen-my.sharepoint.com/personal/sergio_roxo_uib_no/Documents/Microsoft%20Copilot%20Chat%20Files/IFTCC-Submission-to-the-Scottish-Government-2021-8-11-FINAL-1.pdf)","","2026-03-07"
"Term (discovered)","X-Out-Loud","Testimony platform for ‘formerly LGBT’ promoted by IFTCC/Core Issues Trust; recommended for Scottish consultation.","Movement-Org","‘Those actively sharing their stories publicly, such as X-Out-Loud…’ [1](https://universityofbergen-my.sharepoint.com/personal/sergio_roxo_uib_no/Documents/Microsoft%20Copilot%20Chat%20Files/IFTCC-Submission-to-the-Scottish-Government-2021-8-11-FINAL-1.pdf)","","2026-03-07"
"Term (discovered)","Mostly-Heterosexual ('zasadniczo heteroseksualni')","Label for demographic category used by IFTCC to argue broad fluidity and potential for movement toward heterosexuality.","Statistical-Identity","Declaration asserts the 'mostly heterosexual' group is the largest non-heterosexual minority and is systemically ignored. [1](https://universityofbergen-my.sharepoint.com/personal/sergio_roxo_uib_no/Documents/Microsoft%20Copilot%20Chat%20Files/IFTCC-Declaration-Polish-long-ver.pdf)","","2026-03-07"
"Term (discovered)","Panseksualny Humanizm (Pansexual Humanism)","IFTCC framing that CT bans reveal an agenda to erode heteronormativity, nuclear family norms, and promote a secular 'pansexual' ideology.","Political-Ideological","The declaration warns bans will revive 'panseksualny humanizm' replacing family norms. [1](https://universityofbergen-my.sharepoint.com/personal/sergio_roxo_uib_no/Documents/Microsoft%20Copilot%20Chat%20Files/IFTCC-Declaration-Polish-long-ver.pdf)","","2026-03-07"
"Term (discovered)","Trauma Causation Claims","Claim that same-sex attraction or gender dysphoria may arise from childhood trauma, used to justify change-focused therapy.","Clinical-Claim","Declaration asserts potential causal links between trauma and SSA or GD based on selective APA Handbook interpretations. [1](https://universityofbergen-my.sharepoint.com/personal/sergio_roxo_uib_no/Documents/Microsoft%20Copilot%20Chat%20Files/IFTCC-Declaration-Polish-long-ver.pdf)","","2026-03-07"
"Term (discovered)","Cancel Culture (CT bans)","IFTCC describes conversion therapy bans as forms of 'cancel culture' that silence dissent and suppress religious and therapeutic freedom.","Political-Rhetoric","The document states bans represent 'cancel culture' and suppress critical viewpoints. [1](https://universityofbergen-my.sharepoint.com/personal/sergio_roxo_uib_no/Documents/Microsoft%20Copilot%20Chat%20Files/IFTCC-Declaration-Polish-long-ver.pdf)","","2026-03-07"
"Term (discovered)","SSA (same‑sex attraction) / pociąg do osób tej samej płci","Polish descriptor and abbreviation for same‑sex attraction used throughout the declaration, including its glossary.","Clinical-Descriptor","SSA: pociąg do osób tej samej płci, osoba o takich skłonnościach.","","2026-03-07"
"Term (discovered)","SSB (same‑sex behavior) / zachowania homoseksualne","Polish descriptor/abbreviation distinguishing behavior from attraction/identity.","Clinical-Descriptor","SSB: zachowania homoseksualne.","","2026-03-07"
"Term (discovered)","GD (gender dysphoria) / dysforia płciowa","Polish label/abbreviation for gender dysphoria; the text asserts talk‑therapy can reduce GD and resists bans limiting psychological routes.","Clinical-Descriptor","GD: dysforia płciowa (dyskomfort związany z własną płcią biologiczną).","","2026-03-07"
"Term (discovered)","OSA (opposite‑sex attracted) / osoba heteroseksualna","Polish abbreviation/description for opposite‑sex attraction, contrasted with SSA/SSB in fluidity arguments.","Clinical-Descriptor","OSA: osoba heteroseksualna lub przejawiająca takie skłonności.","","2026-03-07"
"Term (discovered)","CT (conversion therapy) / terapia konwersyjna","Polish abbreviation/label used to contest bans; claims CT is misdefined to include standard psychotherapy and pastoral care.","Policy","Międzynarodowa deklaracja dotycząca ""terapii konwersyjnej"" i prawa wyboru terapii.","","2026-03-07"
"Term (discovered)","niezgodność płciowa (gender incongruence)","Polish term for gender incongruence; distinguished from dysforia płciowa in the declaration.","Clinical-Descriptor","‘...niezgodność płciowa to całkowity lub częściowy brak identyfikacji z własną płcią’.","","2026-03-07"
"Term (discovered)","terapie awersyjne","Umbrella for historical aversive techniques; the declaration says it does not support such methods.","Method","‘Nie popieramy terapii awersyjnych, opartych na przymusie czy wywoływaniu wstydu’.","","2026-03-07"
"Term (discovered)","elektrowstrząsy (ES) / elektrowstrząsy konwulsyjne (ECS) / terapia elektrowstrząsowa (ECT)","Technical terms used polemically; the declaration claims ECT/ECS were not used for SSB and are irrelevant to modern talk‑therapy.","Method","‘...mylenie terminów „elektrowstrząsy (ES)” i „elektrowstrząsy konwulsyjne (ECS)”... terapia ECS ... nigdy nie była stosowana w odniesieniu do SSB.’","","2026-03-07"
"Term (discovered)","prawo wyboru terapii","Core IFTCC slogan advocating legal space for change‑allowing or reduction‑focused therapy.","Rights","‘...Międzynarodowa Deklaracja ... prawa wyboru terapii.’","","2026-03-07"
"Term (discovered)","poradnictwo duszpasterskie","Religious/pastoral support the declaration seeks to exclude from broad CT definitions.","Practice","‘...rozmowy duszpasterskie, w których osoby harmonizują całość swojej religijnej i seksualnej jaźni.’","","2026-03-07"
"Term (discovered)","mowa nienawiści (homotransfobiczna)","Claim that support for change‑seeking clients is wrongly labeled as hate speech.","Framing","‘...są określane jako „CT” i kojarzone z „homo‑trans‑fobiczną” mową nienawiści.’","","2026-03-07"
"Term (discovered)","zmiana pociągu seksualnego / redukcja SSA","Formulations describing SAFE‑T goals (reduce or overcome SSA), used to justify 'therapeutic choice'.","Clinical-Claim","‘...u niektórych osób udaje się zmniejszyć, a w niektórych przypadkach przezwyciężyć niepożądany pociąg do osób tej samej płci (SSA)...’","","2026-03-07"
"Term (discovered)","SSA – Hemcinsinden Etkilenme (Same-Sex Attraction)","Turkish descriptor and abbreviation for same-sex attraction; appears in the document's glossary and throughout.","Clinical-Descriptor","SSA – Hemcinsinden Etkilenme.[1](https://universityofbergen-my.sharepoint.com/personal/sergio_roxo_uib_no/Documents/Microsoft%20Copilot%20Chat%20Files/Turkish-Full-Review-Document42-1.pdf)","","2026-03-07"
"Term (discovered)","SSB – Eşcinsel Davranışlar (Same-Sex Behaviour)","Abbreviation for same-sex behaviour, used to distinguish behaviour vs attraction.","Clinical-Descriptor","SSB – Eşcinsel Davranışlar.[1](https://universityofbergen-my.sharepoint.com/personal/sergio_roxo_uib_no/Documents/Microsoft%20Copilot%20Chat%20Files/Turkish-Full-Review-Document42-1.pdf)","","2026-03-07"
"Term (discovered)","GD – Cinsiyet Disforisi (Gender Dysphoria)","Turkish term and abbreviation for gender dysphoria; text asserts talk-therapy can reduce GD.","Clinical-Descriptor","‘GD’ – Cinsiyet Disforisi.[1](https://universityofbergen-my.sharepoint.com/personal/sergio_roxo_uib_no/Documents/Microsoft%20Copilot%20Chat%20Files/Turkish-Full-Review-Document42-1.pdf)","","2026-03-07"
"Term (discovered)","OSA – Karşı Cinsten Etkilenme (Opposite-Sex Attracted)","Turkish descriptor for opposite-sex attraction, contrasted with SSA/SSB in fluidity claims.","Clinical-Descriptor","OSA – Karşı Cinsten Etkilenme.[1](https://universityofbergen-my.sharepoint.com/personal/sergio_roxo_uib_no/Documents/Microsoft%20Copilot%20Chat%20Files/Turkish-Full-Review-Document42-1.pdf)","","2026-03-07"
"Term (discovered)","CT – Dönüşüm Terapisi (Conversion Therapy)","Abbreviation and label used to oppose bans, claiming CT is misdefined to include normal psychotherapy.","Policy","CT – Dönüşüm Terapisi.[1](https://universityofbergen-my.sharepoint.com/personal/sergio_roxo_uib_no/Documents/Microsoft%20Copilot%20Chat%20Files/Turkish-Full-Review-Document42-1.pdf)","","2026-03-07"
"Term (discovered)","cinsel değişkenlik","Term used to argue sexuality is fluid and change toward heterosexuality is natural.","Scientific-Descriptor","‘cinsel değişkenlik her iki yönde de gerçekleşir’.[1](https://universityofbergen-my.sharepoint.com/personal/sergio_roxo_uib_no/Documents/Microsoft%20Copilot%20Chat%20Files/Turkish-Full-Review-Document42-1.pdf)","","2026-03-07"
"Term (discovered)","pastoral yardım / pastoral konuşmalar","Religious support framed as legitimate and under threat from CT bans.","Practice","‘pastoral konuşmalar’.[1](https://universityofbergen-my.sharepoint.com/personal/sergio_roxo_uib_no/Documents/Microsoft%20Copilot%20Chat%20Files/Turkish-Full-Review-Document42-1.pdf)","","2026-03-07"
"Term (discovered)","elektro-şok (ES) / elektrokonvülsif şok (ECS)","Technical terms used to argue that historical aversive methods are incorrectly linked to modern SOCE/SAFE-T.","Method","‘elektro-şok (ES) ve elektrokonvülsif şok (ECS)’ün birleştirilmesi’.[1](https://universityofbergen-my.sharepoint.com/personal/sergio_roxo_uib_no/Documents/Microsoft%20Copilot%20Chat%20Files/Turkish-Full-Review-Document42-1.pdf)","","2026-03-07"
"Term (discovered)","SSA – потяги до своєї статі","Ukrainian abbreviation and descriptor for same-sex attraction, defined in the glossary and used throughout.","Clinical-Descriptor","SSA: потяг(и) до своєї статі ...[1](https://universityofbergen-my.sharepoint.com/personal/sergio_roxo_uib_no/Documents/Microsoft%20Copilot%20Chat%20Files/Ukrainian-Full-Review-Translation_FINAL.pdf)","","2026-03-07"
"Term (discovered)","SSB – одностатева поведінка","Ukrainian term distinguishing behavior from attraction.","Clinical-Descriptor","SSB: одностатева поведінка.[1](https://universityofbergen-my.sharepoint.com/personal/sergio_roxo_uib_no/Documents/Microsoft%20Copilot%20Chat%20Files/Ukrainian-Full-Review-Translation_FINAL.pdf)","","2026-03-07"
"Term (discovered)","ГД – гендерна дисфорія","Ukrainian term for gender dysphoria; declared treatable through therapy.","Clinical-Descriptor","ГД: гендерна дисфорія.[1](https://universityofbergen-my.sharepoint.com/personal/sergio_roxo_uib_no/Documents/Microsoft%20Copilot%20Chat%20Files/Ukrainian-Full-Review-Translation_FINAL.pdf)","","2026-03-07"
"Term (discovered)","OSA – потяг до протилежної статі","Opposite-sex attraction; contrasted with SSA/SSB in fluidity claims.","Clinical-Descriptor","OSA: потяг(и) до протилежної статі.[1](https://universityofbergen-my.sharepoint.com/personal/sergio_roxo_uib_no/Documents/Microsoft%20Copilot%20Chat%20Files/Ukrainian-Full-Review-Translation_FINAL.pdf)","","2026-03-07"
"Term (discovered)","гендерна неконгруентність","Ukrainian term meaning gender incongruence; contrasted with dysphoria.","Clinical-Descriptor","гендерна неконгруентність — це розбіжність у ідентифікації зі статтю.[1](https://universityofbergen-my.sharepoint.com/personal/sergio_roxo_uib_no/Documents/Microsoft%20Copilot%20Chat%20Files/Ukrainian-Full-Review-Translation_FINAL.pdf)","","2026-03-07"
"Term (discovered)","КТ – конверсійна терапія","Ukrainian abbreviation for conversion therapy used to contest bans.","Policy","КТ: конверсійна терапія.[1](https://universityofbergen-my.sharepoint.com/personal/sergio_roxo_uib_no/Documents/Microsoft%20Copilot%20Chat%20Files/Ukrainian-Full-Review-Translation_FINAL.pdf)","","2026-03-07"
"Term (discovered)","OS – протилежна стать","Used when discussing OS relationships, bisexual variation, and 'mostly heterosexual' groups.","Other","OS: протилежна стать.[1](https://universityofbergen-my.sharepoint.com/personal/sergio_roxo_uib_no/Documents/Microsoft%20Copilot%20Chat%20Files/Ukrainian-Full-Review-Translation_FINAL.pdf)","","2026-03-07"
"Term (discovered)","сексуальна флюїдність","Term used to argue sexuality is naturally changeable and can shift toward heterosexuality.","Scientific-Descriptor","«сексуальність флюїдна».[1](https://universityofbergen-my.sharepoint.com/personal/sergio_roxo_uib_no/Documents/Microsoft%20Copilot%20Chat%20Files/Ukrainian-Full-Review-Translation_FINAL.pdf)","","2026-03-07"
"Term (discovered)","SSA – Anziehung zum eigenen Geschlecht / gleichgeschlechtliche Anziehung","Deutsche Bezeichnung und Abkürzung für same‑sex attraction; im Abkürzungsverzeichnis definiert und fortlaufend genutzt.","Clinical-Descriptor","SSA: ... (Anziehung zum eigenen Geschlecht/gleichgeschlechtliche Anziehung/Neigung). [1](https://universityofbergen-my.sharepoint.com/personal/sergio_roxo_uib_no/Documents/Microsoft%20Copilot%20Chat%20Files/FINAL-08.03.22-DECLARATION-Review-Doc_DE-.pdf)","","2026-03-07"
"Term (discovered)","SSB – gleichgeschlechtlich ausgerichtetes Verhalten","Deutsche Bezeichnung zur Abgrenzung von Verhalten gegenüber Anziehung/Identität.","Clinical-Descriptor","SSB: same-sex behaviour (gleichgeschlechtlich ausgerichtetes Verhalten). [1](https://universityofbergen-my.sharepoint.com/personal/sergio_roxo_uib_no/Documents/Microsoft%20Copilot%20Chat%20Files/FINAL-08.03.22-DECLARATION-Review-Doc_DE-.pdf)","","2026-03-07"
"Term (discovered)","GD – Geschlechtsdysphorie","Deutsche Bezeichnung/Abkürzung für gender dysphoria; Text behauptet, dass Therapie GD verringern kann.","Clinical-Descriptor","„GD“: „Geschlechtsdysphorie“ ... Fallstudien ... zeigen, dass manche Personen „GD“ mithilfe von Therapie verringern. [1](https://universityofbergen-my.sharepoint.com/personal/sergio_roxo_uib_no/Documents/Microsoft%20Copilot%20Chat%20Files/FINAL-08.03.22-DECLARATION-Review-Doc_DE-.pdf)","","2026-03-07"
"Term (discovered)","OSA – Anziehung zum anderen Geschlecht / gegengeschlechtliche Anziehung","Deutsches Gegenstück zu opposite‑sex attraction; in Fluiditäts‑ und Beziehungsargumenten verwendet.","Clinical-Descriptor","OSA: ... (Anziehung zum anderen Geschlecht/gegengeschlechtliche Anziehung/Neigung). [1](https://universityofbergen-my.sharepoint.com/personal/sergio_roxo_uib_no/Documents/Microsoft%20Copilot%20Chat%20Files/FINAL-08.03.22-DECLARATION-Review-Doc_DE-.pdf)","","2026-03-07"
"Term (discovered)","KT – Konversionstherapie","Deutsche Abkürzung/Label zur Bezeichnung des politisierten Rahmens, gegen dessen gesetzliche Verbote argumentiert wird.","Policy","„KT“: „Konversionstherapie“ ... Das Verbot von „Konversionstherapien“ ist ein Eingriff in die Menschenrechte. [1](https://universityofbergen-my.sharepoint.com/personal/sergio_roxo_uib_no/Documents/Microsoft%20Copilot%20Chat%20Files/FINAL-08.03.22-DECLARATION-Review-Doc_DE-.pdf)","","2026-03-07"
"Term (discovered)","Seelsorgerliche Unterstützung / seelsorgerliche Gespräche","Religiös‑pastorale Beratung, die als legitime Unterstützung und von Verboten bedroht framet wird.","Practice","… seelsorgerlichen … Rechte …; seelsorgerlichen Gesprächen … [1](https://universityofbergen-my.sharepoint.com/personal/sergio_roxo_uib_no/Documents/Microsoft%20Copilot%20Chat%20Files/FINAL-08.03.22-DECLARATION-Review-Doc_DE-.pdf)","","2026-03-07"
"Term (discovered)","Aversionstherapien / erzwungene Therapien / auf Beschämung beruhende Therapien","Praktiken, von denen sich die Erklärung explizit distanziert, um SAFE‑T von Zwangsmethoden abzugrenzen.","Ethics","… keine Aversionstherapien, erzwungene Therapien oder auf Beschämung beruhende Therapien unterstützen … [1](https://universityofbergen-my.sharepoint.com/personal/sergio_roxo_uib_no/Documents/Microsoft%20Copilot%20Chat%20Files/FINAL-08.03.22-DECLARATION-Review-Doc_DE-.pdf)","","2026-03-07"
"Term (discovered)","Elektroschocktherapie (ES) / Elektrokrampftherapie (ECS)","Technische Begriffe, die genutzt werden, um eine Fehlverknüpfung historischer Methoden mit moderner Gesprächstherapie zurückzuweisen.","Method","… Begriffe „Elektroschocktherapie“ (ES) und „Elektrokrampftherapie“ (ECS) … nie für SSB eingesetzt. [1](https://universityofbergen-my.sharepoint.com/personal/sergio_roxo_uib_no/Documents/Microsoft%20Copilot%20Chat%20Files/FINAL-08.03.22-DECLARATION-Review-Doc_DE-.pdf)","","2026-03-07"
"Term (discovered)","SSA – azonos nemhez vonzódás","Magyar megnevezés és rövidítés a same‑sex attraction fogalmára; a dokumentum rövidítési jegyzékében definiálva és végig használva.","Clinical-Descriptor","SSA: ... azonos nemhez vonzódó / azonos nemű iránti vonzódás. [1](https://universityofbergen-my.sharepoint.com/personal/sergio_roxo_uib_no/Documents/Microsoft%20Copilot%20Chat%20Files/DECLARATION-Review-Doc-Hungarian.pdf)","","2026-03-07"
"Term (discovered)","SSB – az azonos nemmel folytatott szexuális magatartás/viselkedés","Magyar megnevezés és rövidítés a same‑sex behaviour elkülönítésére a vonzódástól/identitástól.","Clinical-Descriptor","SSB: same‑sex behaviour = az azonos nemmel folytatott szexuális magatartás/viselkedés. [1](https://universityofbergen-my.sharepoint.com/personal/sergio_roxo_uib_no/Documents/Microsoft%20Copilot%20Chat%20Files/DECLARATION-Review-Doc-Hungarian.pdf)","","2026-03-07"
"Term (discovered)","GD – nemi diszfória","Magyar megnevezés és rövidítés a gender dysphoria fogalmára; a szöveg állítja, hogy terápiával csökkenthető/átalakulhat.","Clinical-Descriptor","‘GD’: ‘nemi diszfória’ … gender terápiák segítségével egyesek csökkentik ’nemi diszfóriájukat’. [1](https://universityofbergen-my.sharepoint.com/personal/sergio_roxo_uib_no/Documents/Microsoft%20Copilot%20Chat%20Files/DECLARATION-Review-Doc-Hungarian.pdf)","","2026-03-07"
"Term (discovered)","OSA – ellenkező neműhöz vonzódás","Az opposite‑sex attraction magyar megfelelője; fluiditási és párkapcsolati érvekben használva.","Clinical-Descriptor","OSA: ... ellenkező neműhöz vonzódó / ellenkező nemű iránti vonzódás. [1](https://universityofbergen-my.sharepoint.com/personal/sergio_roxo_uib_no/Documents/Microsoft%20Copilot%20Chat%20Files/DECLARATION-Review-Doc-Hungarian.pdf)","","2026-03-07"
"Term (discovered)","CT – konverziós terápia","Magyar rövidítés/megjelölés a conversion therapy kifejezésre; a nyilatkozat vitatja a széles definíciót és a tilalmakat.","Policy","‘CT’: ‘conversion therapy’ = ’konverziós terápia’. [1](https://universityofbergen-my.sharepoint.com/personal/sergio_roxo_uib_no/Documents/Microsoft%20Copilot%20Chat%20Files/DECLARATION-Review-Doc-Hungarian.pdf)","","2026-03-07"
"Term (discovered)","szexualitás fluid / szexuális fluiditás","Állítás, hogy a szexualitás természetesen változhat és gyakran a heteroszexuális irány felé mozdul.","Scientific-Descriptor","… a szexualitás fluid. [1](https://universityofbergen-my.sharepoint.com/personal/sergio_roxo_uib_no/Documents/Microsoft%20Copilot%20Chat%20Files/DECLARATION-Review-Doc-Hungarian.pdf)","","2026-03-07"
"Term (discovered)","lelkigondozói beszélgetés / lelkigondozói segítség","Vallási‑pastorális támogatás, amelyet a dokumentum legitímnek és a tág CT‑definíciók által fenyegetettnek állít be.","Practice","… lelkigondozói beszélgetés … lelkigondozói segítség … [1](https://universityofbergen-my.sharepoint.com/personal/sergio_roxo_uib_no/Documents/Microsoft%20Copilot%20Chat%20Files/DECLARATION-Review-Doc-Hungarian.pdf)","","2026-03-07"
"Term (discovered)","averziós / kényszerítő / megszégyenítő kezelések","Gyakorlatok, amelyektől a nyilatkozat kifejezetten elhatárolódik, hogy SAFE‑T‑t elkülönítse kényszermódszerektől.","Ethics","… nem támogatjuk az averziós, kényszerítő vagy megszégyenítő kezelést … [1](https://universityofbergen-my.sharepoint.com/personal/sergio_roxo_uib_no/Documents/Microsoft%20Copilot%20Chat%20Files/DECLARATION-Review-Doc-Hungarian.pdf)","","2026-03-07"
"Term (discovered)","elektrosokk (ES) / elektrokonvulzív sokk (ECS)","Technikai kifejezések; a szöveg állítja, hogy ezek félrevezetően vannak a modern beszélgetés‑terápiához társítva.","Method","… mintha az ’elektrosokk’ (ES) és az ’elektrokonvulzív sokk’ (ECS) e terápiák részei lettek volna … [1](https://universityofbergen-my.sharepoint.com/personal/sergio_roxo_uib_no/Documents/Microsoft%20Copilot%20Chat%20Files/DECLARATION-Review-Doc-Hungarian.pdf)","","2026-03-07"
"Term (discovered)","SSA – attrazioni per persone dello stesso sesso (same‑sex attraction)","Abbreviazione e descrizione italiana per le attrazioni verso lo stesso sesso, definita nell'Elenco delle abbreviazioni e usata nel testo.","Clinical-Descriptor","SSA: same-sex attracted/same-sex attraction/s. [1](https://universityofbergen-my.sharepoint.com/personal/sergio_roxo_uib_no/Documents/Microsoft%20Copilot%20Chat%20Files/09.03.22-Review-Doc-FINAL_IT.pdf)","","2026-03-07"
"Term (discovered)","SSB – comportamenti sessuali verso persone dello stesso sesso (same‑sex behaviour)","Termine/abbreviazione che separa il comportamento dall'attrazione/identità.","Clinical-Descriptor","SSB: same-sex behaviour. [1](https://universityofbergen-my.sharepoint.com/personal/sergio_roxo_uib_no/Documents/Microsoft%20Copilot%20Chat%20Files/09.03.22-Review-Doc-FINAL_IT.pdf)","","2026-03-07"
"Term (discovered)","GD – disforia di genere","Termine e sigla italianizzati per gender dysphoria; il testo sostiene che possa ridursi o cambiare con la terapia.","Clinical-Descriptor","‘GD’: ‘gender dysphoria’ … alcune persone riducono o cambiano ‘GD’ durante la terapia. [1](https://universityofbergen-my.sharepoint.com/personal/sergio_roxo_uib_no/Documents/Microsoft%20Copilot%20Chat%20Files/09.03.22-Review-Doc-FINAL_IT.pdf)","","2026-03-07"
"Term (discovered)","OSA – attrazioni per il sesso opposto (opposite‑sex attraction)","Controparte di SSA, usata negli argomenti sulla ‘fluidità’ e sulle relazioni OS.","Clinical-Descriptor","OSA: opposite-sex attracted/opposite-sex attraction/s. [1](https://universityofbergen-my.sharepoint.com/personal/sergio_roxo_uib_no/Documents/Microsoft%20Copilot%20Chat%20Files/09.03.22-Review-Doc-FINAL_IT.pdf)","","2026-03-07"
"Term (discovered)","CT – terapia di conversione","Etichetta contestata nel documento per opporsi ai divieti e per sostenere che includa impropriamente la normale psicoterapia/pastorale.","Policy","Bandire la ‘terapia di conversione’ infrange i diritti umani e le libertà. [1](https://universityofbergen-my.sharepoint.com/personal/sergio_roxo_uib_no/Documents/Microsoft%20Copilot%20Chat%20Files/09.03.22-Review-Doc-FINAL_IT.pdf)","","2026-03-07"
"Term (discovered)","conversazioni/sostegno pastorale","Supporto religioso/pastorale indicato come legittimo e minacciato da definizioni ampie di CT.","Practice","… conversazioni pastorali … sostegno pastorale … [1](https://universityofbergen-my.sharepoint.com/personal/sergio_roxo_uib_no/Documents/Microsoft%20Copilot%20Chat%20Files/09.03.22-Review-Doc-FINAL_IT.pdf)","","2026-03-07"
"Term (discovered)","aversion therapies / trattamenti coercitivi o che producono vergogna","Pratiche da cui la dichiarazione prende le distanze per differenziare SAFE‑T da metodiche storiche coercitive.","Ethics","… non supportiamo i trattamenti avversativi, coercitivi e che producono vergogna … [1](https://universityofbergen-my.sharepoint.com/personal/sergio_roxo_uib_no/Documents/Microsoft%20Copilot%20Chat%20Files/09.03.22-Review-Doc-FINAL_IT.pdf)","","2026-03-07"
"Term (discovered)","elettroshock (ES) / shock elettroconvulsivo (ECS)","Terminologia clinica usata per sostenere che metodi storici vengano impropriamente associati alla pratica attuale.","Method","… confondere i termini ‘elettroshock’ (ES) e ‘shock elettroconvulsivo’ (ECS) … [1](https://universityofbergen-my.sharepoint.com/personal/sergio_roxo_uib_no/Documents/Microsoft%20Copilot%20Chat%20Files/09.03.22-Review-Doc-FINAL_IT.pdf)","","2026-03-07"
"Term (discovered)","SSA – ġibdiet lejn l-istess sess (same‑sex attraction)","Abbrevjazzjoni u deskrizzjoni Maltija għall-attrazzjoni lejn l-istess sess; definita fil-‘Lista ta’ abbrevjazzjonijiet’ u użata fit-test.","Clinical-Descriptor","SSA: same-sex attracted/same-sex attraction/s. [1](https://universityofbergen-my.sharepoint.com/personal/sergio_roxo_uib_no/Documents/Microsoft%20Copilot%20Chat%20Files/09.03.22-Review-Doc_MT_FINAL-.pdf)","","2026-03-07"
"Term (discovered)","SSB – imġieba sesswali lejn l-istess sess (same‑sex behaviour)","Terminu/abbrevjazzjoni li jiddistingwi l-imġieba mill-attrazzjoni u l-identità.","Clinical-Descriptor","SSB: same-sex behaviour. [1](https://universityofbergen-my.sharepoint.com/personal/sergio_roxo_uib_no/Documents/Microsoft%20Copilot%20Chat%20Files/09.03.22-Review-Doc_MT_FINAL-.pdf)","","2026-03-07"
"Term (discovered)","GD – disforija tal-ġeneru","Terminu u sigla Maltija għal gender dysphoria; id-dokument jgħid li xi nies inaqqsu jew jaraw bidla permezz tat-terapija.","Clinical-Descriptor","‘DĠ’ hija anzjeta fuq is-sess tiegħek … studji juru li xi nies inaqqsu jew jaraw bidla permezz tat-terapija. [1](https://universityofbergen-my.sharepoint.com/personal/sergio_roxo_uib_no/Documents/Microsoft%20Copilot%20Chat%20Files/09.03.22-Review-Doc_MT_FINAL-.pdf)","","2026-03-07"
"Term (discovered)","OSA – ġibdiet lejn is-sess oppost (opposite‑sex attraction)","Kontroparti ta’ SSA; tintuża f’argumenti dwar il-‘fluwidità’ u r-relazzjonijiet OS.","Clinical-Descriptor","OSA: opposite-sex attracted/opposite-sex attraction/s. [1](https://universityofbergen-my.sharepoint.com/personal/sergio_roxo_uib_no/Documents/Microsoft%20Copilot%20Chat%20Files/09.03.22-Review-Doc_MT_FINAL-.pdf)","","2026-03-07"
"Term (discovered)","CT / TK – ‘terapija ta’ konverżjoni’","Etiketta legali/politika mfittxija fid-dokument; l-awturi jopponu projbizzjonijiet u jsostnu li d-definizzjonijiet jinkludu żbaljatament terapiji ta’ diskors u pariri pastorali.","Policy","Il-projbizzjoni ta’ ‘terapija ta’ konverżjoni’ tikser id-drittijiet u l-libertajiet tal-bniedem. [1](https://universityofbergen-my.sharepoint.com/personal/sergio_roxo_uib_no/Documents/Microsoft%20Copilot%20Chat%20Files/09.03.22-Review-Doc_MT_FINAL-.pdf)","","2026-03-07"
"Term (discovered)","drittijiet u libertajiet tal-bniedem","Qafas ġuridiku li jippreżenta l-projbizzjonijiet TK bħala ksur tal-għażla terapewtika, tad-drittijiet pastorali u tal-ġenituri.","Rights","… tikser id-drittijiet u l-libertajiet tal-bniedem … [1](https://universityofbergen-my.sharepoint.com/personal/sergio_roxo_uib_no/Documents/Microsoft%20Copilot%20Chat%20Files/09.03.22-Review-Doc_MT_FINAL-.pdf)","","2026-03-07"
"Term (discovered)","konversazzjonijiet pastorali / għajnuna pastorali","Appoġġ reliġjuż/pastorali deskritt bħala leġittimu u mhedded minn definizzjonijiet wiesgħa ta’ TK.","Practice","… konversazzjonijiet pastorali … għajnuna pastorali … [1](https://universityofbergen-my.sharepoint.com/personal/sergio_roxo_uib_no/Documents/Microsoft%20Copilot%20Chat%20Files/09.03.22-Review-Doc_MT_FINAL-.pdf)","","2026-03-07"
"Term (discovered)","trattamenti avversivi / koerċittivi / imbarazzanti","Prattiċi li minnhom id-dikjarazzjoni tidħol b’mod ċar distanza, biex tiddifferenzja SAFE‑T minn metodi storici koerċittivi.","Ethics","… ma nappoġġjawx trattamenti avversivi, koerċittivi, jew imbarazzanti … [1](https://universityofbergen-my.sharepoint.com/personal/sergio_roxo_uib_no/Documents/Microsoft%20Copilot%20Chat%20Files/09.03.22-Review-Doc_MT_FINAL-.pdf)","","2026-03-07"
"Term (discovered)","elettro‑xokk (EX) / xokk elettro‑konvulsiv (XEK)","Terminoloġija klinika użata biex tiċħad assoċjazzjoni storika mhux korretta ma’ prassi terapewtika attwali.","Method","… jingħaqdu t‑termini ‘elettro‑xokk (EX)’ u ‘xokk elettro‑konvulsiv (XEK)’ … qatt ma ntużat biex tindirizza SSB. [1](https://universityofbergen-my.sharepoint.com/personal/sergio_roxo_uib_no/Documents/Microsoft%20Copilot%20Chat%20Files/09.03.22-Review-Doc_MT_FINAL-.pdf)","","2026-03-07"
"Term (discovered)","SSA – príťažlivosť k rovnakému pohlaviu","Slovenské pomenovanie a skratka pre same‑sex attraction; uvedené v „Zozname skratiek“ a používané v texte.","Clinical-Descriptor","SSA: priťahovaný k rovnakému pohlaviu/príťažlivosť k rovnakému pohlaviu. [1](https://universityofbergen-my.sharepoint.com/personal/sergio_roxo_uib_no/Documents/Microsoft%20Copilot%20Chat%20Files/Full-Review-Slovak-12.05.22-.pdf)","","2026-03-07"
"Term (discovered)","SSB – správanie k rovnakému pohlaviu","Termín/skrátka odlišujúca správanie od príťažlivosti/identity.","Clinical-Descriptor","SSB: správanie k rovnakému pohlaviu. [1](https://universityofbergen-my.sharepoint.com/personal/sergio_roxo_uib_no/Documents/Microsoft%20Copilot%20Chat%20Files/Full-Review-Slovak-12.05.22-.pdf)","","2026-03-07"
"Term (discovered)","GD – rodová dysfória","Slovenský názov a skratka pre gender dysphoria; text tvrdí, že GD možno redukovať alebo meniť pomocou terapie.","Clinical-Descriptor","GD: rodová dysfória … prípadové štúdie ukazujú, že niektorí ľudia prostredníctvom terapie redukujú alebo menia „GD“. [1](https://universityofbergen-my.sharepoint.com/personal/sergio_roxo_uib_no/Documents/Microsoft%20Copilot%20Chat%20Files/Full-Review-Slovak-12.05.22-.pdf)","","2026-03-07"
"Term (discovered)","OSA – príťažlivosť k opačnému pohlaviu","Protipól SSA; používané v tvrdeniach o „prevažne heterosexuálnych“ a o vzťahoch OS.","Clinical-Descriptor","OSA: priťahovaný k opačnému pohlaviu/príťažlivosť k opačnému pohlaviu. [1](https://universityofbergen-my.sharepoint.com/personal/sergio_roxo_uib_no/Documents/Microsoft%20Copilot%20Chat%20Files/Full-Review-Slovak-12.05.22-.pdf)","","2026-03-07"
"Term (discovered)","CT – konverzná terapia","Skrátka a návestie používané na namietanie voči zákazom, pri tvrdení, že široké definície zahrnú aj bežnú psychoterapiu a pastoráciu.","Policy","Zákaz „konverznej terapie“ porušuje ľudské práva a slobody … [1](https://universityofbergen-my.sharepoint.com/personal/sergio_roxo_uib_no/Documents/Microsoft%20Copilot%20Chat%20Files/Full-Review-Slovak-12.05.22-.pdf)","","2026-03-07"
"Term (discovered)","pastoračné rozhovory / pastoračná pomoc","Náboženské/pastoračné poradenstvo prezentované ako legitímne a ohrozené širokými definíciami CT.","Practice","… pastoračné rozhovory … pastoračná pomoc … [1](https://universityofbergen-my.sharepoint.com/personal/sergio_roxo_uib_no/Documents/Microsoft%20Copilot%20Chat%20Files/Full-Review-Slovak-12.05.22-.pdf)","","2026-03-07"
"Term (discovered)","averzívna / donucovacia / zahanbujúca liečba","Praktiky, od ktorých sa text výslovne dištancuje, aby odlíšil SAFE‑T od historických donucovacích metód.","Ethics","… nepodporujeme averzívnu, donucovaciu ani zahanbujúcu liečbu … [1](https://universityofbergen-my.sharepoint.com/personal/sergio_roxo_uib_no/Documents/Microsoft%20Copilot%20Chat%20Files/Full-Review-Slovak-12.05.22-.pdf)","","2026-03-07"
"Term (discovered)","elektrošok (ES) / elektrošoková terapia (ECS)","Technické termíny použité na odmietnutie nesprávneho spájania historických metód s modernou praxou.","Method","… spojenie pojmov „elektrošok (ES)“ a „elektrošoková terapia (ECS)“ … nikdy sa nepoužívala na riešenie SSB. [1](https://universityofbergen-my.sharepoint.com/personal/sergio_roxo_uib_no/Documents/Microsoft%20Copilot%20Chat%20Files/Full-Review-Slovak-12.05.22-.pdf)","","2026-03-07"
"Term (discovered)","SSA – έλξη προς το ίδιο φύλο","Ελληνική απόδοση/συντομογραφία του same‑sex attraction· εμφανίζεται στη «Λίστα συντομογραφιών» και στο σώμα του κειμένου.","Clinical-Descriptor","SSA: same-sex attracted/same-sex attraction/s.","","2026-03-07"
"Term (discovered)","GD – δυσφορία φύλου","Ελληνικός όρος/συντομογραφία για gender dysphoria· το κείμενο υποστηρίζει ότι μπορεί να μειωθεί ή να αλλάξει με θεραπεία.","Clinical-Descriptor","… μερικοί άνθρωποι μειώνουν ή αλλάζουν «GD» μέσω θεραπείας.","","2026-03-07"
"Term (discovered)","SSB – συμπεριφορά προς το ίδιο φύλο","Χρήση για να διακρίνεται η συμπεριφορά από την έλξη/ταυτότητα.","Clinical-Descriptor","SSB: same-sex behaviour.","","2026-03-07"
"Term (discovered)","OSA – έλξη προς το αντίθετο φύλο","Αντίστοιχο της SSA· χρησιμοποιείται στο αφήγημα «κυρίως ετεροφυλόφιλοι» και στις σχέσεις OS.","Clinical-Descriptor","OSA: opposite-sex attracted/opposite-sex attraction/s.","","2026-03-07"
"Term (discovered)","CT – «θεραπεία μετατροπής»","Ετικέτα που αμφισβητείται για να αντιταχθεί σε απαγορεύσεις, με ισχυρισμό ότι συγχέει συμβουλευτική/ποιμαντική με ιστορικές πρακτικές.","Policy","Η απαγόρευση της «θεραπείας μετατροπής» παραβιάζει τα ανθρώπινα δικαιώματα…","","2026-03-07"
"Term (discovered)","ποιμαντικές συνομιλίες / ποιμαντική βοήθεια","Θρησκευτική/ποιμαντική συμβουλευτική που παρουσιάζεται ως θεμιτή και απειλούμενη από ευρείς ορισμούς CT.","Practice","… ποιμαντικές συνομιλίες … ποιμαντική βοήθεια …","","2026-03-07"
"Term (discovered)","αποτρεπτικές / καταναγκαστικές / ντροπιαστικές θεραπείες","Πρακτικές από τις οποίες η διακήρυξη αποστασιοποιείται ρητά, ώστε να διαχωρίσει το SAFE‑T από καταναγκαστικές μεθόδους.","Ethics","… δεν υποστηρίζουμε αποτρεπτικές, καταναγκαστικές ή ντροπιαστικές θεραπείες …","","2026-03-07"
"Term (discovered)","ηλεκτροσόκ (ES) / ηλεκτροσπασμωδικό σοκ (ECS)","Κλινικοί όροι που χρησιμοποιούνται για να απορριφθεί η εσφαλμένη συσχέτισή τους με σύγχρονες πρακτικές.","Method","… θεραπείες «ηλεκτροσόκ (ES)» και «ηλεκτροσπασμωδικού σοκ (ECS)» …","","2026-03-07"
"Term (discovered)","AHND – attirance homosexuelle non désirée","Abréviation et libellé français pour l’attirance envers le même sexe jugée non désirée ; figure dans la liste des abréviations et tout au long du document.","Clinical-Descriptor","AHND: l’attirance homosexuelle non-désiré. [1](https://universityofbergen-my.sharepoint.com/personal/sergio_roxo_uib_no/Documents/Microsoft%20Copilot%20Chat%20Files/09.03.22-French-Review-Doc-FINAL-.pdf)","","2026-03-07"
"Term (discovered)","CH – comportement homosexuel","Terme séparant le comportement de l’attirance/identité ; utilisé dans le texte et l’abréviateur.","Clinical-Descriptor","CH: comportement homosexuel. [1](https://universityofbergen-my.sharepoint.com/personal/sergio_roxo_uib_no/Documents/Microsoft%20Copilot%20Chat%20Files/09.03.22-French-Review-Doc-FINAL-.pdf)","","2026-03-07"
"Term (discovered)","DG – dysphorie de genre","Abréviation/terme français pour gender dysphoria ; le texte affirme qu’elle peut diminuer/changer avec une thérapie.","Clinical-Descriptor","… montrent que certaines personnes réduisent ou changent « DG » grâce à la thérapie. [1](https://universityofbergen-my.sharepoint.com/personal/sergio_roxo_uib_no/Documents/Microsoft%20Copilot%20Chat%20Files/09.03.22-French-Review-Doc-FINAL-.pdf)","","2026-03-07"
"Term (discovered)","AESO – attirance envers le sexe opposé","Pendant de AHND/SSA ; mobilisé dans l’argumentaire sur la « fluidité » et les relations avec le sexe opposé.","Clinical-Descriptor","AESO: attirance envers le sexe opposé. [1](https://universityofbergen-my.sharepoint.com/personal/sergio_roxo_uib_no/Documents/Microsoft%20Copilot%20Chat%20Files/09.03.22-French-Review-Doc-FINAL-.pdf)","","2026-03-07"
"Term (discovered)","CT – thérapie de conversion","Étiquette contestée par l’IFTCC ; utilisée pour s’opposer aux interdictions et pour affirmer qu’on y assimile indûment psychothérapie standard et accompagnement pastoral.","Policy","Interdire la « thérapie de conversion » enfreint les droits et libertés de l’homme… [1](https://universityofbergen-my.sharepoint.com/personal/sergio_roxo_uib_no/Documents/Microsoft%20Copilot%20Chat%20Files/09.03.22-French-Review-Doc-FINAL-.pdf)","","2026-03-07"
"Term (discovered)","conversations/aidé pastoral","Accompagnement religieux présenté comme légitime et menacé par des définitions extensives de la CT.","Practice","… conversations pastorales… aide pastorale… [1](https://universityofbergen-my.sharepoint.com/personal/sergio_roxo_uib_no/Documents/Microsoft%20Copilot%20Chat%20Files/09.03.22-French-Review-Doc-FINAL-.pdf)","","2026-03-07"
"Term (discovered)","traitements aversifs / coercitifs / honteux","Pratiques dont la Déclaration se distancie explicitement pour démarquer SAFE‑T des méthodes coercitives historiques.","Ethics","Nous ne soutenons pas l’aversion, traitements coercitifs ou honteux… [1](https://universityofbergen-my.sharepoint.com/personal/sergio_roxo_uib_no/Documents/Microsoft%20Copilot%20Chat%20Files/09.03.22-French-Review-Doc-FINAL-.pdf)","","2026-03-07"
"Term (discovered)","électrochoc (ES) / thérapies par chocs électroconvulsifs (ECS)","Terminologie clinique mobilisée pour rejeter une association historique jugée erronée avec la pratique contemporaine.","Method","… confondre les termes « électrochoc » et « thérapies par chocs électroconvulsifs »… [1](https://universityofbergen-my.sharepoint.com/personal/sergio_roxo_uib_no/Documents/Microsoft%20Copilot%20Chat%20Files/09.03.22-French-Review-Doc-FINAL-.pdf)","","2026-03-07"
"Term (discovered)","SAFE‑T (Sexual Attraction Fluidity Exploration in Therapy)","IFTCC umbrella label for ‘exploring sexual fluidity’ as an acceptable talk-therapy goal distinct from historical aversive methods.","Practice","Sexual Attraction Fluidity Exploration in Therapy (SAFE‑T) is a valid and ethical response... [1](https://universityofbergen-my.sharepoint.com/personal/sergio_roxo_uib_no/Documents/Microsoft%20Copilot%20Chat%20Files/Response-to-call-for-input-to-a-thematic-report-FINAL-1.pdf)","","2026-03-07"
"Term (discovered)","Former LGBT (ex‑gay / ex‑trans)","Constituency IFTCC claims to represent; positioned as a minority whose agency/rights are overlooked by bans and surveys.","Identity","…an entity that would represent the rights and freedoms of persons formerly LGBT... [1](https://universityofbergen-my.sharepoint.com/personal/sergio_roxo_uib_no/Documents/Microsoft%20Copilot%20Chat%20Files/Response-to-call-for-input-to-a-thematic-report-FINAL-1.pdf)","","2026-03-07"
"Term (discovered)","Gender Ideology / Gender Theory","Polemic term to critique SOGI frameworks and UN mandate, casting them as ideological rather than legal/rights‑based.","Political-Ideological","We believe the emphasis should be protecting sex-based rights, not LGBT ideology. [1](https://universityofbergen-my.sharepoint.com/personal/sergio_roxo_uib_no/Documents/Microsoft%20Copilot%20Chat%20Files/Response-to-call-for-input-to-a-thematic-report-FINAL-1.pdf)","","2026-03-07"
"Term (discovered)","Faith and Sexuality Survey (Ozanne) critique","Positions Ozanne FSS as biased ‘advocacy science’ used by media to support criminalisation narratives.","Evidence-Contest","…the Faith and Sexuality Survey… provides an example of problematic data collection and usage… advocacy science. citeturn33search1†turn33search1","","2026-03-07"
"Term (discovered)","Ordine naturale sacro","The sacred natural order is a theological concept asserting that God has established fixed, eternal norms for human sexuality and gender identity that cannot be legitimately questioned or modified. This framework positions heterosexuality and binary gender as divinely mandated absolutes rather than human variations, providing religious justification for conversion therapy.","Anti-Gender","Ordine naturale sacro, fissato per l'eternità da Dio","https://ilmiolibro.kataweb.it/recensione/catalogo/2941/quelli-folli-terapie-per-gli-amori-diversi/","2026-03-07"
"Term (discovered)","autoinvalidazione","Self-invalidation refers to the psychological process whereby LGBTQ individuals internalise societal and religious condemnation of their orientation or identity, leading them to reject their authentic selves as illegitimate or disordered. This internalised stigma creates vulnerability to conversion therapy by making individuals believe their same-sex attraction requires correction rather than acceptance.","Pastoral-Coercion","sentimento profondo di autoinvalidazione che si radica nei gay","https://ilmiolibro.kataweb.it/recensione/catalogo/2941/quelli-folli-terapie-per-gli-amori-diversi/","2026-03-07"
"Term (discovered)","lavaggio del cervello","Brainwashing in this context describes the systematic psychological manipulation employed in conversion therapy to induce rejection of same-sex attraction through environmental control, repetitive messaging, shame induction, and cognitive restructuring. The term emphasises the coercive nature of techniques including admonitions, prayers, self-mortification, and forced reinterpretation of feelings that aim to produce false heterosexual identity.","Pastoral-Coercion","Un vero e proprio lavaggio del cervello","https://ilmiolibro.kataweb.it/recensione/catalogo/2941/quelli-folli-terapie-per-gli-amori-diversi/","2026-03-07"
"Term (discovered)","Gay Affermative Therapy","Gay Affirmative Therapy is a therapeutic approach that explicitly validates homosexual orientation and identity, helping clients navigate internalised homophobia, minority stress, and identity development rather than attempting orientation change. The therapy assumes homosexuality is a healthy variation of human sexuality and works to help clients achieve self-acceptance and wellbeing within a homosexual identity. According to the review, its values are considered valid even when working with religious clients who may hold conflicting beliefs.","SSA-Rhetoric","I valori del paradigma affermativo nella GAT Gay Affermative Therapy sono riconosciuti come validi","https://www.fioriti.it/riviste/pdf/2/CC_Recensioni.pdf","2026-03-07"
"Term (discovered)","conversion practices","A term used by LGBTQI rights advocates to describe a range of interventions intended to change, repress, or suppress a person's sexual orientation or gender identity. Athena Forum and similar organisations reject this framing, arguing that the term conflates violent crimes, family conflict, religious disagreement, and legitimate healthcare, thereby artificially inflating prevalence figures and distorting the issue.","SSA-Rhetoric","the newer, broader term for conversion therapy","https://athena-forum.eu/updates/pushing-conversion-therapy-bans-across-europe-transactivist-demands-enabled-by-political-indifference/","2026-03-07"
"Term (discovered)","manufactured consensus","The alleged process by which international institutions such as PACE create the appearance of broad European agreement on contested issues through procedurally questionable means, such as debates conducted with chronically low attendance. This purported consensus is then cited by governments, courts, and advocacy groups as evidence of shared values, despite lacking genuine democratic legitimacy or widespread support.","Policy-Resistance","how international institutions manufacture European consensus on deeply contested issues","https://athena-forum.eu/updates/pushing-conversion-therapy-bans-across-europe-transactivist-demands-enabled-by-political-indifference/","2026-03-07"
"Term (discovered)","human dignity as shield","A rhetorical strategy attributed to trans rights advocates whereby contested concepts of gender identity are placed under the umbrella of human dignity, rendering them legally insulated from limitation or balancing against other rights. By invoking the foundational and inviolable status of dignity in international law, activists allegedly pre-empt scrutiny across domains such as therapeutic practice, parental responsibility, and safeguarding.","Anti-Trans","Once contested, unverifiable and politically polarising concepts are placed under the umbrella of human dignity","https://athena-forum.eu/updates/pushing-conversion-therapy-bans-across-europe-transactivist-demands-enabled-by-political-indifference/","2026-03-07"
"Term (discovered)","vrangforestillinger om å være født i feil kropp","A pathologising and dehumanising term describing the experience of gender dysphoria or transgender identity as a false belief or mental delusion that one's body does not match one's true gender. Frames trans people as suffering from a form of psychosis or irrational conviction.","Anti-Trans","Kriminalisering anbefales av Europarådet dersom vrangforestillinger om å være født i feil kropp ikke umiddelbart bekreftes","https://subjekt.no/2026/02/09/kjonnsidentitet-som-rettslig-begrep/","2026-03-07"
"Term (discovered)","transekskluderende radikalfeminister","Activists who identify as feminists but oppose the inclusion of trans women in women-only spaces,","Anti-Trans","","https://subjekt.no/2026/02/09/kjonnsidentitet-som-rettslig-begrep/","2026-03-07"
"Term (discovered)","gender-critical group","A euphemistic self-description used by individuals and organisations who oppose transgender rights and recognition, particularly regarding legal gender recognition, access to gender-affirming care, and inclusion in spaces aligned with gender identity. The term positions opposition to trans rights as based on concerns about biological sex categories rather than acknowledging it as ideological resistance to transgender existence and equality.","Anti-Trans","gender-critical group Sex Matters, which lobbied representatives to reject","https://www.starobserver.com.au/news/council-of-europe-votes-to-support-a-trans-inclusive-ban-on-conversion-therapy/240699","2026-03-07"
"Term (discovered)","leve etter verdier","To live according to values, a phrase used to present suppression of same-sex attraction or transgender identity as a positive ethical choice rather than a harm or deprivation. It frames orientation or identity as subordinate to chosen belief systems, implying such choices are autonomous and health-neutral.","SSA-Rhetoric","Her finner man mening gjennom å leve etter verdier som er bra, også når dette oppleves som vanskelig","https://subjekt.no/2022/09/19/forbud-mot-konverteringsterapi-er-illiberalt/","2026-03-07"
"Term (discovered)","bibelens seksualetikk","Biblical sexual ethics, a euphemistic phrase used to describe conservative Christian teaching that sexual activity is only legitimate within heterosexual marriage, thus requiring same-sex attracted individuals to remain celibate. Used to frame orientation change efforts or lifelong celibacy as religious obedience rather than suppression or harm.","SSA-Rhetoric","jeg som kristen lever etter bibelens seksualetikk, selv om jeg er tiltrukket til både menn og kvinner","https://subjekt.no/2022/09/19/forbud-mot-konverteringsterapi-er-illiberalt/","2026-03-07"
"Term (discovered)","kjønnsidentitetsideologien","Gender identity ideology. Conspiracy framing that characterises recognition of gender identity as an anti-scientific belief system imposed on society and children. Implies a coordinated ideological movement rather than clinical or rights-based practice.","Anti-Gender","kritikk mot både kjønnsidentitetsideologien og forbudet mot konverteringsterapi","https://subjekt.no/2021/10/12/forbud-mot-konverteringsterapi-kan-sla-feil-ut/","2026-03-08"
"Term (discovered)","konverteringsterapi","Conversion therapy. In the Norwegian policy debate, refers to interventions aiming to change or suppress sexual orientation or gender identity. The source argues that including gender identity in the ban is inappropriate and will criminalise exploratory therapy.","Policy-Resistance","Forbud mot konverteringsterapi kan slå feil ut","https://subjekt.no/2021/10/12/forbud-mot-konverteringsterapi-kan-sla-feil-ut/","2026-03-08"
"Term (discovered)","kjønnsbekreftende behandling","Norwegian phrase meaning gender-affirming treatment or care, referring to medical and psychological interventions that support a person's identified gender, including puberty blockers, hormone therapy, and surgery. The editorial's use of quotation marks signals scepticism about the appropriateness or necessity of such interventions, particularly for minors, and aligns with narratives that characterise affirmative care as uncritical or ideologically driven.","Anti-Trans","Er det konverteringsterapi å ikke ukritisk bekrefte kjønnsidentiteten til barn og unge","https://subjekt.no/2022/11/16/konverteringsterapi-bor-fordommes-det-samme-bor-forslaget-om-a-forby-det/","2026-03-08"
"Term (discovered)","homoterapi","Norwegian shorthand for conversion therapy directed at homosexuality, implying practices intended to suppress or alter same-sex attraction or identity. The editorial uses the term to minimise the scope and severity of conversion practices, describing them as confined to religious contexts and not constituting formal medical treatment in Norway.","SSA-Rhetoric","Å forby konverteringsterapi, eller homoterapi, er blitt et prestisjeprosjekt","https://subjekt.no/2022/11/16/konverteringsterapi-bor-fordommes-det-samme-bor-forslaget-om-a-forby-det/","2026-03-08"
"Term (discovered)","institutional capture","A conspiracy narrative claiming that trans advocacy organisations have infiltrated and seized control of public institutions, distorting policy without democratic legitimacy. Used to delegitimise trans inclusion and frame equality measures as ideological subversion.","Anti-Trans","points to a broad process of institutional capture where a contested and unscientific concept","https://athena-forum.eu/publications/policy-brief-the-eu-lgbtiq-strategy/","2026-03-08"
"Term (discovered)","transactivist lobby groups","A pejorative term used to mischaracterise trans rights organisations as illegitimate special interest groups exerting undue influence on policy. Functions to exclude trans voices from democratic participation and frame their advocacy as coercive.","Anti-Trans","agenda shaped by transactivist lobby groups in Brussels many of them directly funded","https://athena-forum.eu/publications/policy-brief-the-eu-lgbtiq-strategy/","2026-03-08"
"Term (discovered)","self-ID without age restrictions","A policy slogan used to oppose legal gender recognition laws by falsely implying they enable children to change legal gender without parental or clinical oversight. Used to generate moral panic and frame self-identification as reckless.","Anti-Trans","promotes self-ID laws without age restrictions and seeks to embed gender identity","https://athena-forum.eu/publications/policy-brief-the-eu-lgbtiq-strategy/","2026-03-08"
"Term (discovered)","transing the gay","A claim that gender-affirming approaches to youth who express transgender identity constitute conversion of lesbian and gay young people into heterosexual transgender individuals. Frames contemporary affirmative care as equivalent to historical attempts to cure homosexuality, asserting most trans-identified youth would otherwise grow up to be lesbian or gay adults.","Anti-Trans","What once amounted to attempts to cure the gay has become transing the gay away","https://athena-forum.eu/publications/briefing-a-deceptive-label-on-conversion-therapy-bans/","2026-03-08"
"Term (discovered)","affirmation-only care","A pejorative characterisation of gender-affirming healthcare approaches, claiming they mandate automatic acceptance of gender identity claims without clinical assessment, eliminate exploratory therapeutic approaches, and place all patients on pathways to medical transition. Used to argue conversion therapy bans enforce a single ideological therapeutic model.","Anti-Trans","Pressure all mental-health professionals into affirmation-only care","https://athena-forum.eu/publications/briefing-a-deceptive-label-on-conversion-therapy-bans/","2026-03-08"
"Term (discovered)","conversion practices ban","Proposed legislation to criminalise coercive attempts to change or suppress a person's sexual orientation or gender identity through psychological, physical, or spiritual interventions. Sex Matters contests the scope and necessity of such bans while claiming to oppose only undefined expansions beyond historical abuses.","Policy-Resistance","draft bill will be brought forward to ban conversion practices","https://sex-matters.org/posts/updates/five-tests-before-any-conversion-practices-ban/","2026-03-08"
"Term (discovered)","Cass Review implementation","The process of adopting recommendations from the 2024 independent review of NHS gender identity services for children and young people led by Dr Hilary Cass. Opponents of trans-inclusive conversion therapy bans claim that such legislation would criminalise Cass-aligned exploratory therapy, falsely conflating evidence-based caution with identity suppression efforts.","Anti-Trans","Will legislation be consistent with full implementation of the recommendations of the Cass Review","https://sex-matters.org/posts/updates/five-tests-before-any-conversion-practices-ban/","2026-03-08"
"Term (discovered)","gender identity ideology","Conspiracy framing used by anti-transgender advocates to portray recognition of gender identity as dangerous ideological imposition rather than human rights framework. Adapted from Vatican's ""gender ideology"" by North American anti-trans networks including Heritage Foundation. Implies transgender existence threatens traditional family structures and children's safety.","Anti-Gender","rail against transgender ideology and gender identity ideology","https://politicalresearch.org/2020/03/26/gender-ideology-yesterday-today-and-tomorrow","2026-03-08"
"Term (discovered)","gender identity change efforts","Gender identity change efforts refers to any therapeutic or non-therapeutic practice aimed at changing a person's gender identity or expression to align with sex assigned at birth or stereotypical gender role behaviors. The term encompasses both formal conversion therapy techniques and broader social pressures toward cisgender conformity, including interventions by mental health professionals, religious counselors, family members, or institutional gatekeeping from gender-affirming care.","SSA-Rhetoric","techniques used by mental health professionals and non-professionals with the goal of changing gender identity","https://www.apa.org/about/policy/resolution-gender-identity-change-efforts.pdf","2026-03-08"
"Term (discovered)","sexual orientation change efforts","Sexual orientation change efforts is the term used by the American Psychological Association to describe any therapeutic or counselling intervention aimed at reducing, eliminating, or redirecting same-sex attraction or behaviour. The APA distinguishes this term from conversion therapy or reparative therapy to position such practices outside the scope of recognised evidence-based mental health care. The term is used in legislative advocacy to support legal bans on these practices, particularly with minors.","SSA-Rhetoric","sexual orientation change efforts to differentiate from recognized evidence-based forms of therapy","https://www.apa.org/topics/lgbtq/sexual-orientation-change","2026-03-08"
"Term (discovered)","SOGI change efforts","SOGI change efforts is an acronym for sexual orientation and gender identity change efforts, encompassing any practice aimed at altering an individual's sexual orientation or gender identity. The term is used by mental health organisations and advocacy groups to refer to a broad category of interventions they consider harmful and non-evidence-based. SOGI change efforts are the target of legislative bans across multiple US states and are framed as coercive and psychologically damaging regardless of client consent or therapeutic approach.","SSA-Rhetoric","sexual orientation and gender identity SOGI change efforts commonly use an array of psychosocially harmful techniques","https://www.apa.org/topics/lgbtq/sexual-orientation-change","2026-03-08"
"Term (discovered)","Therapeutic Fraud Prevention Act","The Therapeutic Fraud Prevention Act is a proposed amendment to the Federal Trade Commission Act introduced repeatedly in the US Congress by Representative Lieu (D-CA). The Act would classify the provision of conversion therapy in exchange for monetary compensation, or the advertising of such services, as an unfair or deceptive trade practice under federal consumer protection law. Its aim is to enable federal prosecution of practitioners who offer services aimed at changing sexual orientation or gender identity, framing such services as inherently fraudulent regardless of client request or informed consent.","Policy-Resistance","The Therapeutic Fraud Prevention Act would amend the Federal Trade Commission Act to clarify that providing conversion therapy is an unfair or deceptive act","https://www.apa.org/topics/lgbtq/sexual-orientation-change","2026-03-08"
"Term (discovered)","sexual orientation change effort","Sexual orientation change effort refers to any therapeutic, pastoral, or behavioral intervention designed to reduce, eliminate, or redirect same-sex sexual attractions or behaviors toward heterosexual orientation. The term is typically used by opponents of such practices to group together diverse approaches ranging from psychodynamic therapy to religious counseling under a single category for policy and advocacy purposes.","SSA-Rhetoric","Other terms used to describe conversion therapy include sexual orientation change effort (SOCE)","https://irct.org/lgbti/","2026-03-08"
"Term (discovered)","SOCE","SOCE is the acronym form of sexual orientation change effort, functioning as shorthand in clinical, legal, and advocacy discourse. The term encompasses therapeutic or pastoral practices aimed at changing, reducing, or redirecting same-sex sexual attractions or behaviors toward heterosexual orientation.","SSA-Rhetoric","Other terms used to describe conversion therapy include sexual orientation change effort (SOCE)","https://irct.org/lgbti/","2026-03-08"
"Term (discovered)","reorientation therapy","Reorientation therapy describes therapeutic interventions aimed at reorienting sexual attractions from same-sex to opposite-sex targets. The term emphasises the directional change goal of such interventions and is used in both supportive and critical discourse about practices addressing unwanted same-sex attractions.","SSA-Rhetoric","Other terms used to describe conversion therapy include reorientation therapy","https://irct.org/lgbti/","2026-03-08"
"Term (discovered)","ex-gay therapy","","SSA-Rhetoric","","https://irct.org/lgbti/","2026-03-08"
"Term (discovered)","fully inclusive ban","Legislative prohibition on conversion practices that covers both sexual orientation and gender identity, applying to minors as well as adults. Stonewall uses this phrase to advocate for comprehensive protection, while Sex Matters frames such a ban as dangerous overreach that would criminalise exploratory therapy, parental guidance, and any approach that does not immediately affirm a child's trans identification.","Policy-Resistance","Stonewall has used the findings to renew its call for a fully inclusive ban","https://sex-matters.org/posts/updates/exercising-caution-over-stonewalls-exorcism-claims/","2026-03-08"
"Term (discovered)","impure thoughts","Traditional religious language referring to sexual thoughts or desires considered sinful or contrary to religious teaching, particularly in Christian pastoral contexts. In this article the phrase describes the trigger for aversive therapy where Ben Gibbons was forced to induce vomiting whenever he experienced same-sex attraction. The term reflects religious sexual ethics frameworks that pathologise non-heterosexual desire as morally impure requiring correction.","Pastoral-Coercion","forced him to make himself sick every time he had impure thoughts","https://www.bbc.com/news/articles/c3w1gl530vvo","2026-03-08"
"Term (discovered)","gay therapy","A euphemistic phrase used to describe conversion practices targeting same-sex attracted individuals while avoiding the discredited term conversion therapy. The quotation marks in usage suggest the speaker is distancing themselves from critical terminology while still referencing attempts to change sexual orientation. This framing sanitises coercive or pseudoscientific interventions as neutral therapeutic services.","SSA-Rhetoric","Can you share with us about gay therapy","https://www.youtube.com/watch?v=2J2zKReC6B4","2026-03-08"
"Term (discovered)","exercising human choice","A rhetorical construction that frames participation in conversion practices as an expression of personal freedom and self-determination rather than coercion, social pressure, or internalised homophobia. This framing is used to oppose legal bans on conversion practices by arguing such bans restrict individual liberty. The phrase obscures the power dynamics, psychological manipulation, and family or religious coercion that typically characterise conversion practice contexts.","SSA-Rhetoric","exercising human choice and preserving religious freedom","https://www.youtube.com/watch?v=2J2zKReC6B4","2026-03-08"
"Term (discovered)","preserving religious freedom","A policy slogan that reframes legal restrictions on conversion practices and other anti-LGBTQ activities as violations of religious practitioners' rights to freedom of belief and expression. This framing positions religious conservatives as a persecuted minority whose spiritual convictions are under state attack. The phrase is strategically deployed to mobilise religious communities against LGBTQ rights legislation and to claim exemptions from non-discrimination laws.","Policy-Resistance","exercising human choice and preserving religious freedom","https://www.youtube.com/watch?v=2J2zKReC6B4","2026-03-08"
"Term (discovered)","kjønnsmangfold","Norwegian term translating to gender diversity. In Bufdir context refers to gender-diverse people including transgender, non-binary, and gender-nonconforming individuals. Anti-trans groups use the term when opposing inclusive policies while claiming to support diversity, enabling rhetorical distancing from overt transphobia.","Anti-Trans","møter med kjønnsmangfold","https://www.litteraturhuset.no/nb/arrangement/apen-horing-bufdirs-faglige-rad-om-moter-med-kjonnsmangfold","2026-03-14"